stationcode;name;is_installed;capacity;numdocksavailable;numbikesavailable;mechanical;ebike;is_renting;is_returning;duedate;coordonnees_geo;nom_arrondissement_communes;code_insee_commune
4103;Archives - Rivoli;OUI;25;22;0;0;0;OUI;OUI;2024-07-23 22:56:05.0;48.857346707443,2.3539767041802;Paris;null
20105;Benoît Frachon - République;OUI;30;29;1;1;0;OUI;OUI;2024-07-23 22:53:54.0;48.85230729014318,2.415605485439301;Paris;null
8028;Arsène Houssaye - Champs-Elysées;OUI;29;29;0;0;0;OUI;OUI;2024-07-23 22:55:11.0;48.873409276267,2.2977904602885;Paris;null
33103;Jean Jaurès - Jules Jacquemin;OUI;24;16;7;2;5;OUI;OUI;2024-07-23 22:49:29.0;48.88433053604843,2.4082902455152104;Le Pré-Saint-Gervais;null
10011;Bourse du Travail;OUI;17;10;4;3;1;OUI;OUI;2024-07-23 22:55:13.0;48.868976638826,2.3623438552022;Paris;null
6002;Saint-Benoît - Jacob;OUI;23;15;6;5;1;OUI;OUI;2024-07-23 22:57:06.0;48.85545136013941,2.3334722220897675;Paris;null
20029;Frères Flavien - Porte des Lilas;OUI;23;7;16;0;16;OUI;OUI;2024-07-23 22:54:14.0;48.8780992764359,2.41104629853209;Paris;null
2013;Favart - Italiens;OUI;17;15;1;0;1;OUI;OUI;2024-07-23 22:53:10.0;48.871446353921,2.3382901058508;Paris;null
1102;Française - Etienne Marcel;OUI;37;35;0;0;0;OUI;OUI;2024-07-23 22:57:33.0;48.864053304653766,2.347587011754513;Paris;null
11033;Bréguet - Sabin;OUI;33;3;27;26;1;OUI;OUI;2024-07-23 22:57:11.0;48.856931678257,2.3706749462105;Paris;null
