stationcode;name;is_installed;capacity;numdocksavailable;numbikesavailable;mechanical;ebike;is_renting;is_returning;duedate;coordonnees_geo;nom_arrondissement_communes;code_insee_commune
19022;Marché Secrétan;OUI;26;21;5;2;3;OUI;OUI;2024-07-23 22:58:00.0;48.88125496379482,2.373463287949562;Paris;null
2111;Chabanais - Petits Champs;OUI;30;28;1;1;0;OUI;OUI;2024-07-23 22:57:21.0;48.86703740186721,2.336716018617153;Paris;null
21701;Larmeroux - Baudelaire;OUI;29;18;11;2;9;OUI;OUI;2024-07-23 22:57:26.0;48.816939911292,2.2809894804846;Vanves;null
18022;Marcadet - Barbès;OUI;37;29;7;2;5;OUI;OUI;2024-07-23 22:57:24.0;48.890451120965,2.3490573929687;Paris;null
7011;Las Cases - Bourgogne;OUI;22;22;0;0;0;NON;NON;2024-07-23 22:56:45.0;48.859091104741,2.3185685276985;Paris;null
15109;Cevennes - Bergers;OUI;29;1;27;24;3;OUI;OUI;2024-07-23 22:57:49.0;48.84240765130395,2.281037718057633;Paris;null
24001;Arche - Léonard de Vinci;OUI;28;23;5;0;5;OUI;OUI;2024-07-23 22:56:39.0;48.89790972494496,2.2383723043644914;Courbevoie;null
14012;Sibelle - Alésia;OUI;37;10;27;15;12;OUI;OUI;2024-07-23 22:56:21.0;48.826701758539215,2.3384983465075493;Paris;null
22016;Charles de Gaulle - Sablonville;OUI;26;24;1;0;1;OUI;OUI;2024-07-23 22:54:33.0;48.87991924860035,2.2763770446181297;Neuilly-sur-Seine;null
21005;Hôtel de Ville de Boulogne Billancourt;OUI;26;4;21;16;5;OUI;OUI;2024-07-23 22:56:16.0;48.83495885166784,2.2416803240776066;Boulogne-Billancourt;null
