stationcode;name;is_installed;capacity;numdocksavailable;numbikesavailable;mechanical;ebike;is_renting;is_returning;duedate;coordonnees_geo;nom_arrondissement_communes;code_insee_commune
11025;Froment - Bréguet;OUI;43;11;30;28;2;OUI;OUI;2024-07-23 22:54:27.0;48.8570414504784,2.37289470306807;Paris;null
41301;Bois de Vincennes - Gare;OUI;50;10;38;22;16;OUI;OUI;2024-07-23 22:57:27.0;48.836022242886884,2.4708339950830287;Nogent-sur-Marne;null
15047;Morillons - Dantzig;OUI;52;37;15;2;13;OUI;OUI;2024-07-23 22:57:26.0;48.83310149953933,2.299380004405976;Paris;null
30002;Jean Rostand - Paul Vaillant Couturier;OUI;40;9;29;4;25;OUI;OUI;2024-07-23 22:57:33.0;48.908168131015,2.4530601033354;Bobigny;null
6021;Beaux-Arts - Bonaparte;OUI;20;20;0;0;0;NON;NON;2024-07-23 22:56:32.0;48.856451985395786,2.334851883351803;Paris;null
17038;Grande Armée - Brunel;OUI;62;61;1;1;0;OUI;OUI;2024-07-23 22:54:24.0;48.876116,2.288124;Paris;null
2022;Saint-Fiacre - Poissonière;OUI;35;33;1;1;0;OUI;OUI;2024-07-23 22:50:20.0;48.870828911558,2.3459213599563;Paris;null
7003;Square Boucicaut;OUI;60;56;1;0;1;OUI;OUI;2024-07-23 22:57:21.0;48.851296433665276,2.325061820447445;Paris;null
19033;Cambrai - Benjamin Constant;OUI;43;16;25;5;20;OUI;OUI;2024-07-23 22:58:00.0;48.89594736851349,2.381133802246315;Paris;null
32304;Charcot - Benfleet;NON;0;0;0;0;0;NON;NON;2024-03-29 10:30:37.0;48.878370277021,2.440523876268;Romainville;null
