stationcode;name;is_installed;capacity;numdocksavailable;numbikesavailable;mechanical;ebike;is_renting;is_returning;duedate;coordonnees_geo;nom_arrondissement_communes;code_insee_commune
17116;Reims - Porte d'Asnières;OUI;26;23;3;0;3;OUI;OUI;2024-07-23 22:56:30.0;48.891834448210986,2.300144659954865;Paris;null
35003;Gabrielle Josserand - Edouard Vaillant;OUI;25;3;22;17;5;OUI;OUI;2024-07-23 22:52:17.0;48.90271566255436,2.3933270573616032;Pantin;null
13041;Porte d'Ivry;OUI;50;19;30;15;15;OUI;OUI;2024-07-23 22:56:58.0;48.821768747596,2.3688706755638;Paris;null
15031;Théâtre - Lourmel;OUI;53;21;31;28;3;OUI;OUI;2024-07-23 22:57:14.0;48.8482070397636,2.2898658737540245;Paris;null
4011;Hôtel de Ville - Pont-Marie;OUI;36;36;0;0;0;NON;NON;2024-07-23 22:48:06.0;48.853899645527,2.3569472506642;Paris;null
21014;Hameau Fleuri - Marché;OUI;22;12;9;8;1;OUI;OUI;2024-07-23 22:54:28.0;48.831448892608314,2.2412404417991643;Boulogne-Billancourt;null
13010;Place d'Italie - Vincent Auriol;OUI;40;17;18;15;3;OUI;OUI;2024-07-23 22:57:51.0;48.831481874467,2.3567550292319;Paris;null
11006;Ledru-Rollin - Place du Père Chaillet;OUI;37;4;33;29;4;OUI;OUI;2024-07-23 22:57:41.0;48.856433706943704,2.379020587761426;Paris;null
14006;Saint-Jacques - Tombe Issoire;OUI;23;17;5;3;2;OUI;OUI;2024-07-23 22:55:26.0;48.833206330538864,2.3369108140468597;Paris;null
19127;Aubervilliers - Curial;OUI;23;10;12;5;7;OUI;OUI;2024-07-23 22:51:42.0;48.89088305227546,2.3688579350709915;Paris;null
