stationcode;name;is_installed;capacity;numdocksavailable;numbikesavailable;mechanical;ebike;is_renting;is_returning;duedate;coordonnees_geo;nom_arrondissement_communes;code_insee_commune
10008;Cité Riverin - Château d'Eau;OUI;18;10;8;8;0;OUI;OUI;2024-07-23 22:57:54.0;48.870702423554306,2.358739863900845;Paris;null
17111;Lemercier - Cardinet;OUI;24;10;14;12;2;OUI;OUI;2024-07-23 22:56:30.0;48.890097168851746,2.317377626895905;Paris;null
16012;Flandrin - Longchamp;OUI;42;38;3;1;2;OUI;OUI;2024-07-23 22:54:10.0;48.86877849178477,2.274354539176829;Paris;null
44016;Balzac - Olympes de Gouges;OUI;28;4;23;14;9;OUI;OUI;2024-07-23 22:57:57.0;48.77850332486751,2.4006786569952965;Vitry-sur-Seine;null
16036;Porte Molitor;OUI;60;50;8;6;2;OUI;OUI;2024-07-23 22:56:11.0;48.84524763511433,2.2569015249609947;Paris;null
44005;Place Saint-Just;OUI;22;0;22;6;16;OUI;OUI;2024-07-23 22:54:18.0;48.790379518724265,2.3895226791501045;Vitry-sur-Seine;null
8117;Place de la Madeleine - Royale;OUI;43;41;1;0;1;OUI;OUI;2024-07-23 22:56:40.0;48.869228052648,2.324421107769;Paris;null
15011;Cambronne - Villa Croix Nivert;OUI;62;20;40;29;11;OUI;OUI;2024-07-23 22:57:54.0;48.845847561366,2.3017574474216;Paris;null
10032;Claude Vellefaux - Hôpital Saint-Louis;OUI;32;28;1;1;0;OUI;OUI;2024-07-23 22:57:41.0;48.872859139003,2.3700717069851;Paris;null
9004;Gérando - Rochechouart;OUI;21;15;3;1;2;OUI;OUI;2024-07-23 22:57:52.0;48.88294340845,2.3464846238494;Paris;null
