stationcode;name;is_installed;capacity;numdocksavailable;numbikesavailable;mechanical;ebike;is_renting;is_returning;duedate;coordonnees_geo;nom_arrondissement_communes;code_insee_commune
15018;Dutot - Place Alleray;OUI;56;45;11;5;6;OUI;OUI;2024-07-23 22:55:14.0;48.836826091766,2.3071701095578;Paris;null
42704;Mairie du Kremlin-Bicêtre;OUI;25;18;7;2;5;OUI;OUI;2024-07-23 22:53:29.0;48.81191981537702,2.3570189997553825;Le Kremlin-Bicêtre;null
23202;Henri Barbusse - Gabriel Péri;OUI;27;13;14;2;12;OUI;OUI;2024-07-23 22:55:57.0;48.801773795836,2.2874166362216;Châtillon;null
4017;Place de l'Hôtel de Ville;OUI;14;14;0;0;0;NON;NON;2024-07-15 05:38:04.0;48.8573314,2.351458;Paris;null
6015;André Mazet - Saint-André des Arts;OUI;55;19;34;30;4;OUI;OUI;2024-07-23 22:55:55.0;48.85375581057431,2.3390958085656166;Paris;null
1014;Rivoli - Musée du Louvre;OUI;24;22;0;0;0;OUI;OUI;2024-07-23 22:56:47.0;48.86364636851945,2.33409583568573;Paris;null
8202;Londres - Europe;OUI;27;27;0;0;0;OUI;OUI;2024-07-23 22:55:46.0;48.878618556803,2.3248164693922;Paris;null
4007;Place de la Bastille - Bourdon;OUI;35;8;24;19;5;OUI;OUI;2018-08-15 10:35:22.0;48.852364355271,2.3681089282036;Paris;null
32011;Stade de France - Francis de Pressensé;OUI;44;39;4;1;3;OUI;OUI;2024-07-23 22:55:00.0;48.919141953558,2.3620655760169;Saint-Denis;null
42026;Barbès - Monique Maunoury;OUI;40;22;18;6;12;OUI;OUI;2024-07-23 22:56:50.0;48.81552718820216,2.3687169334905405;Ivry-sur-Seine;null
