stationcode;name;is_installed;capacity;numdocksavailable;numbikesavailable;mechanical;ebike;is_renting;is_returning;duedate;coordonnees_geo;nom_arrondissement_communes;code_insee_commune
31016;Lucie Aubrac - Franklin;OUI;36;32;3;1;2;OUI;OUI;2024-07-23 22:51:33.0;48.86223916006812,2.4435862898826604;Montreuil;null
33001;Victor Hugo - Magasins Généraux;OUI;34;34;0;0;0;OUI;OUI;2024-07-23 22:48:53.0;48.903281401126755,2.368072383105755;Aubervilliers;null
51003;Hôtel de Ville d'Argenteuil;OUI;30;14;16;11;5;OUI;OUI;2024-07-23 22:54:43.0;48.946504,2.2496396;Argenteuil;null
20119;Square des Saint-Simoniens;OUI;25;13;12;0;12;OUI;OUI;2024-07-23 22:57:07.0;48.8701796,2.3967273;Paris;null
22101;Gare Routière de Saint Cloud;OUI;31;24;7;5;2;OUI;OUI;2024-07-23 22:55:33.0;48.84288183896324,2.222245037555695;Saint-Cloud;null
19019;Petit - Manin;OUI;22;13;7;4;3;OUI;OUI;2024-07-23 22:57:51.0;48.88650687534334,2.3938155401308374;Paris;null
9115;Milton - Manuel;OUI;22;21;1;0;1;OUI;OUI;2024-07-23 22:53:08.0;48.878249,2.341181;Paris;null
42707;Place Jean-Baptiste Clément;OUI;25;20;5;2;3;OUI;OUI;2024-07-23 22:57:58.0;48.81240466867336,2.3617091774940495;Le Kremlin-Bicêtre;null
19039;Edouard Pailleron - Simon Bolivar;OUI;24;16;6;0;6;OUI;OUI;2024-07-23 22:56:22.0;48.87979886049996,2.374839261174202;Paris;null
20036;Ménilmontant - Pelleport;OUI;19;8;10;0;10;OUI;OUI;2024-07-23 22:53:17.0;48.87068263384462,2.398959602331646;Paris;null
