stationcode;name;is_installed;capacity;numdocksavailable;numbikesavailable;mechanical;ebike;is_renting;is_returning;duedate;coordonnees_geo;nom_arrondissement_communes;code_insee_commune
12120;Lac Daumesnil - Saint-Maurice;OUI;50;42;5;2;3;OUI;OUI;2024-07-23 22:50:01.0;48.82774555743318,2.4183654785156246;Paris;null
8056;Beaujon - Wagram;OUI;29;28;1;0;1;OUI;OUI;2024-07-23 22:51:47.0;48.875352455985,2.2964416444302;Paris;null
22012;Madeleine Michelis - Roule;OUI;25;11;13;10;3;OUI;OUI;2024-07-23 22:57:16.0;48.88260431301364,2.2773634269833565;Neuilly-sur-Seine;null
18138;Station Paris Basketball - Ney - Charles Hermite;OUI;20;11;8;5;3;OUI;OUI;2024-07-23 22:53:07.0;48.898748039775,2.3645754531026;Paris;null
18014;Léon - Doudeauville;OUI;13;7;6;2;4;OUI;OUI;2024-07-23 22:57:17.0;48.88832421845225,2.353573372638597;Paris;null
18001;Damrémont - Caulaincourt;OUI;18;14;4;0;4;OUI;OUI;2024-07-23 22:55:13.0;48.88714509078738,2.3325880989432335;Paris;null
13110;Moulin de la Pointe;OUI;22;14;6;0;6;OUI;OUI;2024-07-23 22:53:25.0;48.82092946051445,2.3563179373741145;Paris;null
32018;Franciade - Gabriel Péri;OUI;26;11;15;10;5;OUI;OUI;2024-07-23 22:56:27.0;48.93261499331498,2.355954498052597;Saint-Denis;null
42011;Quai Marcel Boyer - Victor Hugo;OUI;29;3;26;23;3;OUI;OUI;2024-07-23 22:56:59.0;48.82255636666729,2.392039597034455;Ivry-sur-Seine;null
11003;Keller - La Roquette;OUI;34;4;28;26;2;OUI;OUI;2024-07-23 22:56:35.0;48.8555508,2.3752778;Paris;null
