stationcode;name;is_installed;capacity;numdocksavailable;numbikesavailable;mechanical;ebike;is_renting;is_returning;duedate;coordonnees_geo;nom_arrondissement_communes;code_insee_commune
3201;Payenne - Square George Caïn;OUI;24;5;18;13;5;OUI;OUI;2024-07-23 22:53:45.0;48.8578329,2.3622643;Paris;null
15041;Franquet - Labrouste;OUI;37;18;19;8;11;OUI;OUI;2024-07-23 22:58:00.0;48.83287705011431,2.306762784719467;Paris;null
20035;Pyrénées - Ménilmontant;OUI;26;11;15;0;15;OUI;OUI;2024-07-23 22:56:12.0;48.8693268535238,2.395084574818611;Paris;null
11022;Roquette - Auguste Laurent;OUI;16;0;15;15;0;OUI;OUI;2024-07-23 22:57:31.0;48.858001906023354,2.381797702650783;Paris;null
21508;Georges Pompidou - Verdun;OUI;26;0;25;20;5;OUI;OUI;2024-07-23 22:57:07.0;48.875481,2.232443;Suresnes;null
13028;Gouthière - Poterne des Peupliers;OUI;33;2;31;27;4;OUI;OUI;2024-07-23 22:54:52.0;48.820507,2.351342;Paris;null
19045;Macdonald - Césaria Evora;OUI;67;58;7;4;3;OUI;OUI;2024-07-23 22:56:28.0;48.89883,2.37933;Paris;null
14004;Port Royal - Hôpital Cochin;OUI;23;9;14;8;6;OUI;OUI;2024-07-23 22:54:37.0;48.838608030238,2.3406994164846;Paris;null
23106;Pavé des Gardes - Charles Vaillant;OUI;20;17;3;3;0;OUI;OUI;2024-07-23 22:50:24.0;48.81168551728,2.2111820107205;Sèvres;null
30003;Moscou - Edouard Vaillant;OUI;30;10;19;14;5;OUI;OUI;2024-07-23 22:56:06.0;48.90755810177,2.4689837335263;Bobigny;null
