stationcode;name;is_installed;capacity;numdocksavailable;numbikesavailable;mechanical;ebike;is_renting;is_returning;duedate;coordonnees_geo;nom_arrondissement_communes;code_insee_commune
20040;Parc de Belleville - Julien Lacroix;OUI;26;14;12;4;8;OUI;OUI;2024-07-23 22:49:54.0;48.8703459,2.3842214;Paris;null
33003;Bordier - Félix Faure;OUI;48;23;25;5;20;OUI;OUI;2024-07-23 22:57:58.0;48.90390751882016,2.3830059170722966;Aubervilliers;null
21105;Morice - Général Leclerc;OUI;25;2;22;20;2;OUI;OUI;2024-07-23 22:55:10.0;48.90245471981591,2.3128929734230046;Clichy;null
33009;Félix Faure - Sadi Carnot;OUI;33;25;8;3;5;OUI;OUI;2024-07-23 22:54:17.0;48.90812110228388,2.378623187541962;Aubervilliers;null
34002;Capitaine Glarner - Gabriel Péri;OUI;27;0;26;17;9;OUI;OUI;2024-07-23 22:56:58.0;48.902449900418745,2.3304807533425724;Saint-Ouen-sur-Seine;null
25005;18 juin 1940 - Buzenval;OUI;25;16;7;1;6;OUI;OUI;2024-07-23 22:52:17.0;48.868807,2.185428;Rueil-Malmaison;null
15055;Vasco de Gama;OUI;54;2;49;48;1;OUI;OUI;2024-07-23 22:57:59.0;48.83671783466264,2.283664085650799;Paris;null
22505;Mairie de La Garenne Colombes;OUI;22;11;11;7;4;OUI;OUI;2024-07-23 22:53:31.0;48.90663823468682,2.24679596722126;La Garenne-Colombes;null
20109;Haxo - Surmelin;OUI;21;19;2;1;1;OUI;OUI;2024-07-23 22:56:36.0;48.8694370761222,2.40539657537972;Paris;null
13045;Jean Colly - Tolbiac;OUI;36;5;28;25;3;OUI;OUI;2024-07-23 22:57:12.0;48.827817291597846,2.3705490678548813;Paris;null
