stationcode;name;is_installed;capacity;numdocksavailable;numbikesavailable;mechanical;ebike;is_renting;is_returning;duedate;coordonnees_geo;nom_arrondissement_communes;code_insee_commune
2014;Daunou - Louis le Grand;OUI;17;17;0;0;0;OUI;OUI;2024-07-23 22:53:18.0;48.869113,2.332515;Paris;null
22102;Mont Valérien - Michel Salles;OUI;24;22;1;0;1;OUI;OUI;2024-07-23 22:56:58.0;48.8561915,2.2152966;Saint-Cloud;null
2101;Bachaumont - Montmartre;OUI;33;33;0;0;0;OUI;OUI;2024-07-23 22:49:45.0;48.86617395079137,2.3449775576591496;Paris;null
15003;Gare Montparnasse - Vaugirard;OUI;66;66;0;0;0;OUI;OUI;2024-07-23 22:56:41.0;48.8418071798797,2.31951002690117;Paris;null
21952;Place Tony de Graaff;OUI;42;1;41;27;14;OUI;OUI;2024-07-23 22:55:41.0;48.8181645,2.2458109;Meudon;null
4110;Neuve Saint-Pierre - Beautreillis;OUI;20;7;11;7;4;OUI;OUI;2024-07-23 22:55:27.0;48.85355351439652,2.3639122769236565;Paris;null
12154;Square Georges Melies;OUI;40;35;5;1;4;OUI;OUI;2024-07-23 22:50:54.0;48.84070239213081,2.409667745232582;Paris;null
6032;Sabot - Rennes;OUI;26;21;4;3;1;OUI;OUI;2024-07-23 22:56:10.0;48.852575112948415,2.331552766263485;Paris;null
5030;Sorbonne - Ecoles;OUI;50;7;42;40;2;OUI;OUI;2024-07-23 22:57:38.0;48.849686566191,2.3434996604919;Paris;null
17022;Pereire - Place de Wagram;OUI;46;42;4;0;4;OUI;OUI;2024-07-23 22:56:26.0;48.887070607581215,2.304111124531457;Paris;null
