stationcode;name;is_installed;capacity;numdocksavailable;numbikesavailable;mechanical;ebike;is_renting;is_returning;duedate;coordonnees_geo;nom_arrondissement_communes;code_insee_commune
5020;Institut du Monde Arabe - Saint-Germain;OUI;40;40;0;0;0;NON;NON;2024-07-23 22:52:52.0;48.849063299501,2.3558086529374;Paris;null
9014;Faubourg Montmartre - La Fayette;OUI;35;32;1;1;0;OUI;OUI;2024-07-23 22:57:55.0;48.87525454905335,2.340853661298752;Paris;null
92007;Pesaro - Préfecture;OUI;22;16;5;0;5;OUI;OUI;2024-07-23 22:55:06.0;48.89577046284005,2.223908342421055;Nanterre;null
43009;Place Jean-Spire-Lemaître;OUI;50;21;29;11;18;OUI;OUI;2024-07-23 22:57:46.0;48.8468428626593,2.452062070369721;Vincennes;null
16026;Ranelagh - Mozart;OUI;23;6;15;5;10;OUI;OUI;2024-07-23 22:53:52.0;48.8554439,2.2704418;Paris;null
9001;Bellefond - Poissonnière;OUI;17;7;10;6;4;OUI;OUI;2024-07-23 22:57:19.0;48.87759897050706,2.348463758826256;Paris;null
9028;Moncey - Blanche;OUI;17;15;2;0;2;OUI;OUI;2024-07-23 22:52:22.0;48.88006587474148,2.3310810327529907;Paris;null
17032;Jean Oestreicher - Porte de Champerret;OUI;21;20;1;1;0;OUI;OUI;2024-07-23 22:52:04.0;48.88655580065981,2.288640439510346;Paris;null
10107;Gare du Nord - Hôpital Lariboisière;OUI;49;46;2;0;2;OUI;OUI;2024-07-23 22:57:22.0;48.881949,2.352339;Paris;null
10115;Granges aux Belles;OUI;27;12;13;7;6;OUI;OUI;2024-07-23 22:57:16.0;48.8761373390584,2.3680844979417;Paris;null
