stationcode;name;is_installed;capacity;numdocksavailable;numbikesavailable;mechanical;ebike;is_renting;is_returning;duedate;coordonnees_geo;nom_arrondissement_communes;code_insee_commune
11017;Charonne - Bureau;OUI;47;30;14;4;10;OUI;OUI;2024-07-23 22:57:59.0;48.854176,2.396093;Paris;null
20108;Jardin de l'Hospice Debrousse;OUI;23;14;9;0;9;OUI;OUI;2024-07-23 22:57:46.0;48.861451061938,2.40568600595;Paris;null
33015;Charles Tillon - Cimetière Communal;OUI;30;7;16;9;7;OUI;OUI;2024-07-23 22:50:17.0;48.91844023641836,2.3935630917549138;Aubervilliers;null
21219;Amaury Duval - Gabriel Péri;OUI;36;30;6;0;6;OUI;OUI;2024-07-23 22:55:27.0;48.81718759671675,2.323841750621796;Montrouge;null
41205;Maréchal Joffre - Verdun;OUI;20;16;4;0;4;OUI;OUI;2024-07-23 22:52:30.0;48.85385,2.470307;Fontenay-sous-Bois;null
32001;Proudhon - Président Wilson;OUI;30;24;5;1;4;OUI;OUI;2024-07-23 22:54:29.0;48.906442763495,2.3584905266762;Saint-Denis;null
12018;Saint-Mandé - Fabre d'Eglantine;OUI;34;23;9;3;6;OUI;OUI;2024-07-23 22:50:42.0;48.8453579,2.3965022;Paris;null
5014;Jean Calvin - Tournefort;OUI;28;2;25;14;11;OUI;OUI;2024-07-23 22:55:32.0;48.84158856925782,2.348489575088024;Paris;null
17119;Toqueville - Cardinet;OUI;33;0;33;25;8;OUI;OUI;2024-07-23 22:57:49.0;48.88490187110713,2.3109393194317818;Paris;null
23902;Gallieni - Lycée Charles Petitet;OUI;45;16;27;18;9;OUI;OUI;2024-07-23 22:58:01.0;48.927640283627,2.3308986340524;Villeneuve-la-Garenne;null
