stationcode;name;is_installed;capacity;numdocksavailable;numbikesavailable;mechanical;ebike;is_renting;is_returning;duedate;coordonnees_geo;nom_arrondissement_communes;code_insee_commune
44006;Concorde - Stalingrad;OUI;35;12;22;7;15;OUI;OUI;2024-07-23 22:57:48.0;48.7985844,2.3821302;Vitry-sur-Seine;null
18107;Chartres - La Charbonnière;OUI;34;31;3;1;2;OUI;OUI;2024-07-23 22:54:25.0;48.8847601,2.3534657;Paris;null
19120;Carducci - Place Hannah Arendt;OUI;27;16;10;0;10;OUI;OUI;2024-07-23 22:56:38.0;48.877436681515796,2.3860743641853337;Paris;null
19026;Place de Rhin et Danube;OUI;17;12;5;0;5;OUI;OUI;2024-07-23 22:56:22.0;48.88192765861766,2.392586767673493;Paris;null
18003;Cimetière de Montmartre;OUI;43;34;8;4;4;OUI;OUI;2024-07-23 22:57:47.0;48.886472466142,2.3328901827335;Paris;null
11023;Saint-Maur - Roquette;OUI;46;8;37;27;10;OUI;OUI;2024-07-23 22:54:48.0;48.858688774062955,2.383553994571467;Paris;null
15104;Hôpital Européen Georges Pompidou;OUI;64;56;7;6;1;OUI;OUI;2024-07-23 21:10:30.0;48.837695319163,2.2753742337227;Paris;null
45003;11 Novembre 1918 - 8 Mai 1945;OUI;36;9;27;19;8;OUI;OUI;2024-07-23 22:54:17.0;48.80889533774377,2.5382421165704727;Champigny-sur-Marne;null
19103;Manin - Carrières d'Amérique;OUI;20;7;10;6;4;OUI;OUI;2024-07-23 22:57:06.0;48.88467214209463,2.3919698596000676;Paris;null
11002;Roquette - Thiéré;OUI;23;3;19;17;2;OUI;OUI;2024-07-23 22:57:50.0;48.85507930579506,2.3733686318721463;Paris;null
