stationcode;name;is_installed;capacity;numdocksavailable;numbikesavailable;mechanical;ebike;is_renting;is_returning;duedate;coordonnees_geo;nom_arrondissement_communes;code_insee_commune
10162;Alexandre Parodi - Quai de Valmy;OUI;24;18;5;3;2;OUI;OUI;2024-07-23 22:57:25.0;48.879359419425,2.3665961623192;Paris;null
15023;La Motte-Picquet - Grenelle;OUI;34;13;21;18;3;OUI;OUI;2024-07-23 22:57:01.0;48.84858321339195,2.299347817897797;Paris;null
9006;Dunkerque - Trudaine;OUI;16;12;3;0;3;OUI;OUI;2024-07-23 22:57:27.0;48.88215166773376,2.3463253676891327;Paris;null
22501;Théâtre de La Garenne;OUI;20;15;3;2;1;OUI;OUI;2024-07-23 22:57:50.0;48.905658361454,2.2345951981176;La Garenne-Colombes;null
18030;Joseph Dijon - Ornano;OUI;37;18;18;11;7;OUI;OUI;2024-07-23 22:57:46.0;48.89374453351521,2.3476678133010864;Paris;null
5107;Pontoise - La Tournelle;OUI;23;23;0;0;0;NON;NON;2024-07-23 22:52:43.0;48.850458009188,2.3524542754922;Paris;null
21314;Chemin de Bretagne;OUI;29;9;19;15;4;OUI;OUI;2024-07-23 22:57:59.0;48.824753068884,2.2588385956052;Issy-les-Moulineaux;null
4003;Quai aux Fleurs - Pont Saint-Louis;OUI;21;21;0;0;0;NON;NON;2024-07-23 22:51:42.0;48.852915956209,2.3521957173944;Paris;null
12005;Crozatier - Faubourg Saint-Antoine;OUI;42;6;35;33;2;OUI;OUI;2024-07-23 22:57:13.0;48.850440013405,2.378901366211;Paris;null
23003;Président Wilson - Baudin;OUI;28;22;6;5;1;OUI;OUI;2024-07-23 22:58:02.0;48.89826887103676,2.2849336266517644;Levallois-Perret;null
