stationcode;name;is_installed;capacity;numdocksavailable;numbikesavailable;mechanical;ebike;is_renting;is_returning;duedate;coordonnees_geo;nom_arrondissement_communes;code_insee_commune
4019;Cloître Saint-Merri - Renard;OUI;32;24;6;3;3;OUI;OUI;2024-07-23 22:57:37.0;48.858835448898,2.3518279194832;Paris;null
13109;Brillat-Savarin - Küss;OUI;21;0;20;18;2;OUI;OUI;2024-07-23 22:57:09.0;48.822203,2.350422;Paris;null
8116;Champs-Elysees - Bassano;OUI;25;25;0;0;0;NON;NON;2021-02-21 20:09:18.0;48.871811807816,2.300238981843;Paris;null
43001;Paris - Laitières;OUI;22;17;5;4;1;OUI;OUI;2024-07-23 22:54:28.0;48.84630274151258,2.4207553267478947;Vincennes;null
5001;Harpe - Saint-Germain;OUI;45;10;29;27;2;OUI;OUI;2024-07-23 22:57:28.0;48.851518815017,2.3436703160405;Paris;null
22206;Louis Pasteur - Albert Petit;OUI;31;25;6;2;4;OUI;OUI;2024-07-23 22:56:38.0;48.796261,2.317289;Bagneux;null
3102;Bourg l'Abbé - Saint-Martin;OUI;42;41;1;0;1;OUI;OUI;2024-07-23 22:58:00.0;48.86393331949257,2.352406270802021;Paris;null
13106;Bobillot - Paulin Mery;OUI;23;3;20;8;12;OUI;OUI;2024-07-23 22:54:57.0;48.829899841747384,2.3543356766748507;Paris;null
51001;Gare d'Argenteuil;OUI;40;28;11;7;4;OUI;OUI;2024-07-23 22:57:30.0;48.947022436806705,2.256898172199726;Argenteuil;null
11021;Charonne - Pierre Bayle;OUI;23;10;12;7;5;OUI;OUI;2024-07-23 22:56:14.0;48.858445054262,2.3903981223891;Paris;null
