stationcode;name;is_installed;capacity;numdocksavailable;numbikesavailable;mechanical;ebike;is_renting;is_returning;duedate;coordonnees_geo;nom_arrondissement_communes;code_insee_commune
44017;Jules Guesde - Pont du Port à l'Anglais;OUI;30;13;16;10;6;OUI;OUI;2024-07-23 22:57:20.0;48.79628807093802,2.417212128639221;Vitry-sur-Seine;null
31024;Romainville - Vaillant-Couturier;OUI;38;36;2;1;1;OUI;OUI;2024-07-23 22:57:16.0;48.86785,2.446748;Montreuil;null
9008;Tour d'Auvergne - Rodier;OUI;17;14;3;0;3;OUI;OUI;2024-07-23 22:50:08.0;48.879161,2.343698;Paris;null
17044;Porte de Saint-Ouen - Bessières;OUI;42;15;26;17;9;OUI;OUI;2024-07-23 22:55:54.0;48.89792240854517,2.32851451022192;Paris;null
15112;Vigée-Lebrun - Anselme Payen;OUI;24;15;9;1;8;OUI;OUI;2024-07-23 22:57:57.0;48.838683941628375,2.3110422492027287;Paris;null
21326;Moulin de Pierre - Abbé Grégoire;OUI;20;13;7;2;5;OUI;OUI;2024-07-23 22:52:30.0;48.822036188382,2.2754641655975;Issy-les-Moulineaux;null
9002;Abbeville - Faubourg Poissonnière;OUI;14;8;6;2;4;OUI;OUI;2024-07-23 22:53:36.0;48.879223,2.349147;Paris;null
20143;Ramponeau - Belleville;OUI;44;27;14;3;11;OUI;OUI;2024-07-23 22:54:21.0;48.871031137596,2.379056852114;Paris;null
16110;Octave Feuillet - Albéric Magnard;OUI;21;17;4;1;3;OUI;OUI;2024-07-23 22:55:24.0;48.86106902949534,2.2730283066630363;Paris;null
15068;Général Martial Valin - Pont du Garigliano;OUI;16;12;3;1;2;OUI;OUI;2024-07-23 22:54:00.0;48.83823094269141,2.270506024360657;Paris;null
