stationcode;name;is_installed;capacity;numdocksavailable;numbikesavailable;mechanical;ebike;is_renting;is_returning;duedate;coordonnees_geo;nom_arrondissement_communes;code_insee_commune
8027;Mairie du 8ème;OUI;14;14;0;0;0;OUI;OUI;2024-07-23 22:52:35.0;48.877932,2.318264;Paris;null
16011;Victor Hugo - La Pompe;OUI;41;40;0;0;0;OUI;OUI;2024-07-23 22:57:36.0;48.86795222470859,2.28146318346262;Paris;null
21315;Jules Guesdes - Général de Gaulle;OUI;24;17;7;2;5;OUI;OUI;2024-07-23 22:56:33.0;48.81930581291959,2.278934195637703;Issy-les-Moulineaux;null
12007;Gare de Lyon - Chalon;OUI;45;45;0;0;0;OUI;OUI;2024-07-23 22:57:00.0;48.845666194202,2.3741452395916;Paris;null
2112;Bibliothèque Nationale - Richelieu;OUI;17;17;0;0;0;OUI;OUI;2024-07-23 22:53:25.0;48.868288993515,2.3380893096328;Paris;null
35007;Benjamin Delessert - Jean Lolive;OUI;21;9;12;7;5;OUI;OUI;2024-07-23 22:57:49.0;48.89392043619345,2.417981922626496;Pantin;null
6022;Marché Saint-Germain;OUI;21;8;12;12;0;OUI;OUI;2024-07-23 22:57:38.0;48.85165625855281,2.335500307381153;Paris;null
13032;Italie - Jardin Joan Miro;OUI;26;22;2;0;2;OUI;OUI;2024-07-23 22:57:16.0;48.81990914045756,2.3592948541045193;Paris;null
21402;Place Aimé Césaire;OUI;27;25;2;0;2;OUI;OUI;2024-07-23 22:54:22.0;48.783194713067815,2.2429127991199493;Clamart;null
15064;Javel - André Citroën;OUI;45;45;0;0;0;NON;NON;2024-07-23 22:50:33.0;48.846276485475,2.2786368057132;Paris;null
