stationcode;name;is_installed;capacity;numdocksavailable;numbikesavailable;mechanical;ebike;is_renting;is_returning;duedate;coordonnees_geo;nom_arrondissement_communes;code_insee_commune
19117;Euryale Dehaynin - Loire;OUI;30;20;8;2;6;OUI;OUI;2024-07-23 22:56:31.0;48.886248917304805,2.3774591088294987;Paris;null
17021;Jouffroy d'Abbans - Villiers;OUI;34;30;2;1;1;OUI;OUI;2024-07-23 22:52:46.0;48.884215547037,2.3056533560157;Paris;null
34010;Hôtel de Ville de Saint-Ouen;OUI;48;13;32;19;13;OUI;OUI;2024-07-23 22:57:55.0;48.911380185786,2.3340076807601;Saint-Ouen-sur-Seine;null
3007;Archives - Pastourelle;OUI;28;23;5;2;3;OUI;OUI;2024-07-23 22:52:03.0;48.8623615,2.3595041;Paris;null
15053;Lecourbe - Convention;OUI;46;0;46;42;4;OUI;OUI;2024-07-23 22:57:58.0;48.83923319241899,2.2915197908878326;Paris;null
31020;Résistance - Parmentier;OUI;35;32;2;0;2;OUI;OUI;2024-07-23 22:55:22.0;48.85965138131299,2.436705082654953;Montreuil;null
21022;Dôme - République;OUI;25;9;15;13;2;OUI;OUI;2024-07-23 22:57:28.0;48.832681,2.250257;Boulogne-Billancourt;null
28005;Jean Jaurès - Paul Lafargue;OUI;28;23;5;3;2;OUI;OUI;2024-07-23 22:51:41.0;48.884933177666,2.2484488785267;Puteaux;null
9025;Taitbout - Châteaudun;OUI;39;35;1;0;1;OUI;OUI;2024-07-23 22:55:15.0;48.876383969379,2.335356677933531;Paris;null
10201;Magenta - Chabrol;OUI;24;13;10;10;0;OUI;OUI;2024-07-23 22:56:35.0;48.876495350882,2.3560990020633;Paris;null
