stationcode;name;is_installed;capacity;numdocksavailable;numbikesavailable;mechanical;ebike;is_renting;is_returning;duedate;coordonnees_geo;nom_arrondissement_communes;code_insee_commune
48002;LCL Campus - Place Oscar Niemeyer;OUI;37;21;15;1;14;OUI;OUI;2024-07-23 22:57:21.0;48.805342480621576,2.363983690738678;Villejuif;null
16201;Porte Dauphine;OUI;65;55;3;1;2;OUI;OUI;2024-07-23 22:52:17.0;48.871139344351,2.2749781616017;Paris;null
41605;Général De Gaulle - Vivien;OUI;22;0;22;11;11;OUI;OUI;2024-07-23 22:57:34.0;48.83607420090204,2.4189166724681854;Saint-Mandé;null
23042;André Theuriet - Blagis;OUI;30;22;7;6;1;OUI;OUI;2024-07-23 22:56:13.0;48.77977325745441,2.3130525648593903;Bourg-la-Reine;null
20012;Buzenval - Vignoles;OUI;17;4;12;3;9;OUI;OUI;2024-07-23 22:57:52.0;48.85385817168762,2.400004081428051;Paris;null
2102;Saint-Marc - Feydeau;OUI;37;37;0;0;0;OUI;OUI;2024-07-23 22:50:52.0;48.870310661422,2.3419791832566;Paris;null
12008;Hector Malot - Daumesnil;OUI;54;16;36;34;2;OUI;OUI;2024-07-23 22:57:47.0;48.84693552991762,2.3770876228809357;Paris;null
42019;Lampes;OUI;43;3;38;33;5;OUI;OUI;2024-07-23 22:57:02.0;48.81152481985875,2.4017931148409843;Ivry-sur-Seine;null
15024;Suffren - La Motte-Piquet;OUI;23;13;10;8;2;OUI;OUI;2024-07-23 22:57:27.0;48.850881230919,2.3012199997902;Paris;null
2020;Danielle Casanova - Opéra;OUI;20;17;2;2;0;OUI;OUI;2024-07-23 22:57:18.0;48.867643242297,2.3333894088864;Paris;null
