stationcode;name;is_installed;capacity;numdocksavailable;numbikesavailable;mechanical;ebike;is_renting;is_returning;duedate;coordonnees_geo;nom_arrondissement_communes;code_insee_commune
1001;Quai de l'Horloge - Pont Neuf;OUI;17;17;0;0;0;NON;NON;2024-07-23 22:57:27.0;48.857058739111,2.3417982839439;Paris;null
8048;Marceau - Chaillot;OUI;21;19;1;0;1;OUI;OUI;2024-07-23 22:49:53.0;48.868834023334,2.2986030816809;Paris;null
8053;Place Georges Guillaumin;OUI;29;29;0;0;0;NON;NON;2024-07-23 22:55:16.0;48.874750203957,2.301771435326;Paris;null
14013;Liard - Amiral Mouchez;OUI;28;6;22;11;11;OUI;OUI;2024-07-23 22:57:11.0;48.8214169,2.342167;Paris;null
9022;Rossini - Laffitte;OUI;33;32;0;0;0;OUI;OUI;2024-07-23 22:50:43.0;48.87334627510507,2.337980867701675;Paris;null
13118;Regnault - Patay;OUI;63;1;61;56;5;OUI;OUI;2024-07-23 22:50:41.0;48.82435782216384,2.377065159380436;Paris;null
8036;Lisbonne - Monceau;OUI;33;30;3;1;2;OUI;OUI;2024-07-23 22:55:52.0;48.87745567681383,2.309694221419506;Paris;null
18111;Félix Ziem - Armand Gauthier;OUI;25;7;17;6;11;OUI;OUI;2024-07-23 22:57:32.0;48.88949630486821,2.333393658804396;Paris;null
12151;Gare de Lyon - Place Louis Armand;OUI;60;51;6;2;4;OUI;OUI;2024-07-23 22:54:33.0;48.845515089794,2.3726498446286;Paris;null
48003;Youri Gagarine - Karl Marx;OUI;22;17;5;1;4;OUI;OUI;2024-07-23 22:57:47.0;48.78448485079149,2.35908430069685;Villejuif;null
