stationcode;name;is_installed;capacity;numdocksavailable;numbikesavailable;mechanical;ebike;is_renting;is_returning;duedate;coordonnees_geo;nom_arrondissement_communes;code_insee_commune
32021;Place du Front Populaire - George Sand;OUI;65;55;10;1;9;OUI;OUI;2024-07-23 22:57:17.0;48.90680713698062,2.364541214992642;Saint-Denis;null
10164;Claude Vellefaux - Sambre et Meuse;OUI;34;21;11;3;8;OUI;OUI;2024-07-23 22:57:50.0;48.875022,2.370478;Paris;null
15019;Paul Barruel - Vaugirard;OUI;39;19;20;16;4;OUI;OUI;2024-07-23 22:55:32.0;48.84014918546239,2.3044332861900334;Paris;null
11107;Faidherbe - Dahomey;OUI;44;2;41;37;4;OUI;OUI;2024-07-23 22:57:09.0;48.851358329771806,2.383823134795429;Paris;null
7024;Rapp - Place du Général Gouraud;OUI;31;24;7;6;1;OUI;OUI;2024-07-23 22:55:03.0;48.858102885107,2.3004072904587;Paris;null
9113;Bleue - Trévise;OUI;30;17;12;11;1;OUI;OUI;2024-07-23 22:56:06.0;48.87578906564573,2.347289621829987;Paris;null
20004;Commandant l'Herminier - Gallieni;OUI;17;12;4;1;3;OUI;OUI;2024-07-23 22:51:29.0;48.847040552603,2.4160453677177;Paris;null
16041;Versailles - Claude Terrasse;OUI;46;16;28;23;5;OUI;OUI;2024-07-23 22:55:10.0;48.84021933807409,2.263834191152959;Paris;null
11031;Jacquard - Ternaux;OUI;39;10;28;24;4;OUI;OUI;2024-07-23 22:55:37.0;48.8646605,2.373162;Paris;null
4109;Mornay - Sully;OUI;15;8;7;6;1;OUI;OUI;2024-07-23 22:55:55.0;48.84970399548416,2.364460788667202;Paris;null
