stationcode;name;is_installed;capacity;numdocksavailable;numbikesavailable;mechanical;ebike;is_renting;is_returning;duedate;coordonnees_geo;nom_arrondissement_communes;code_insee_commune
21706;Jean Bleuzen - Square du 11 Novembre;OUI;49;39;6;1;5;OUI;OUI;2024-07-23 22:56:46.0;48.8232579,2.2965213;Vanves;null
47003;Charentonneau - Maisons Alfort;OUI;20;0;20;19;1;OUI;OUI;2024-07-23 22:57:35.0;48.809932980484355,2.443288456496946;Maisons-Alfort;null
10041;Gare du Nord - La Chapelle;OUI;18;8;9;4;5;OUI;OUI;2024-07-23 22:57:19.0;48.884178287286,2.3561057075858;Paris;null
7012;Cité Vaneau;OUI;26;16;10;4;6;OUI;OUI;2024-07-23 22:56:00.0;48.8542210666207,2.319614924490452;Paris;null
26006;Bas - Gabriel Péri;OUI;30;5;23;21;2;OUI;OUI;2024-07-23 22:53:12.0;48.91585580539625,2.2948095202445984;Asnières-sur-Seine;null
20001;Place de la Nation - Charonne;OUI;36;24;12;2;10;OUI;OUI;2024-07-23 22:53:42.0;48.848364667777,2.3997623859813;Paris;null
42211;Séminaire de Conflans - Liberté;OUI;26;8;18;13;5;OUI;OUI;2024-07-23 22:56:45.0;48.823194,2.404179;Charenton-le-Pont;null
20008;Pyrénées - Avron;OUI;32;17;15;6;9;OUI;OUI;2024-07-23 22:51:31.0;48.853246898211985,2.405871044529538;Paris;null
4101;Bastille - Beaumarchais;OUI;23;5;14;13;1;OUI;OUI;2024-07-23 22:57:58.0;48.853833463852,2.3685702681541;Paris;null
14135;Jourdan - Cité Universitaire;OUI;39;14;24;14;10;OUI;OUI;2024-07-23 22:56:38.0;48.819897343156676,2.3397007964124366;Paris;null
