stationcode;name;is_installed;capacity;numdocksavailable;numbikesavailable;mechanical;ebike;is_renting;is_returning;duedate;coordonnees_geo;nom_arrondissement_communes;code_insee_commune
42504;Gare RER de Gentilly;OUI;30;20;10;4;6;OUI;OUI;2024-07-23 22:54:35.0;48.814280450380224,2.3410347104072575;Gentilly;null
1020;Cambon - Rivoli;OUI;40;33;5;2;3;OUI;OUI;2024-07-23 22:56:11.0;48.866143390992,2.3251800647137;Paris;null
20111;Villiers de l'Isle Adam - Pyrénées;OUI;20;0;20;1;19;OUI;OUI;2024-07-23 22:54:19.0;48.867362,2.396222;Paris;null
20115;Louis Lumière - Porte de Bagnolet;OUI;20;19;1;1;0;OUI;OUI;2024-07-23 22:51:13.0;48.86431136000005,2.4105210229754443;Paris;null
92008;Hôtel de Ville de Nanterre;OUI;38;8;29;23;6;OUI;OUI;2024-07-23 22:57:03.0;48.892371898250424,2.205548956990242;Nanterre;null
31003;Paris - Emile Zola;OUI;30;21;7;5;2;OUI;OUI;2024-07-23 22:56:59.0;48.854898095789295,2.4186685681343083;Montreuil;null
41402;Victor Hugo - Ecoles;OUI;25;2;18;13;5;OUI;OUI;2024-07-23 22:57:02.0;48.80476007936134,2.4180373930262093;Alfortville;null
22402;Jean Jaurès - Salvador Allende;OUI;43;41;2;0;2;OUI;OUI;2024-07-23 22:50:34.0;48.821475594736775,2.3026576638221745;Malakoff;null
51004;Général Delambre - Prebuard;OUI;29;19;9;5;4;OUI;OUI;2024-07-23 22:51:38.0;48.93870344444,2.2234171606307;Argenteuil;null
9116;Victoire - Chaussée d'Antin;OUI;24;22;2;1;1;OUI;OUI;2024-07-23 22:55:50.0;48.875065791004396,2.3316738009452824;Paris;null
