stationcode;name;is_installed;capacity;numdocksavailable;numbikesavailable;mechanical;ebike;is_renting;is_returning;duedate;coordonnees_geo;nom_arrondissement_communes;code_insee_commune
21316;Cimetière d'Issy-les-Moulineaux;OUI;24;14;10;1;9;OUI;OUI;2024-07-23 22:48:51.0;48.817699773925,2.2609312087297;Issy-les-Moulineaux;null
14016;René Coty - Parc Montsouris;OUI;55;33;22;10;12;OUI;OUI;2024-07-23 22:50:10.0;48.82479134498032,2.336124926805496;Paris;null
21708;Marcel Yol - Jullien;OUI;30;27;3;1;2;OUI;OUI;2024-07-23 22:54:01.0;48.82537611802588,2.287235018058929;Vanves;null
12033;François Truffaut - Saint Emilion;OUI;66;34;27;26;1;OUI;OUI;2024-07-23 22:57:57.0;48.83372354344807,2.386601903271428;Paris;null
13048;Wurtz - Tolbiac;OUI;28;1;27;20;7;OUI;OUI;2024-07-23 22:57:02.0;48.82631195621006,2.344585955142975;Paris;null
18142;Jessaint - Marx Dormoy;OUI;30;18;11;4;7;OUI;OUI;2024-07-23 22:52:36.0;48.88484543106364,2.358930408954621;Paris;null
41210;Hôtel de ville de Fontenay-sous-Bois;OUI;20;17;3;0;3;OUI;OUI;2024-07-23 22:54:37.0;48.84949749106274,2.4750164151191716;Fontenay-sous-Bois;null
18035;René Binet - Porte de Montmartre;OUI;37;24;10;7;3;OUI;OUI;2024-07-23 22:52:14.0;48.89905109950848,2.3365534096956253;Paris;null
42304;Marc Sangnier - Division Leclerc;OUI;24;6;17;12;5;OUI;OUI;2024-07-23 22:56:15.0;48.78599652305309,2.329955510795116;Cachan;null
23105;Sèvres Rive Gauche;OUI;33;29;4;2;2;OUI;OUI;2024-07-23 22:54:21.0;48.821443218278,2.2150785306885;Sèvres;null
