stationcode;name;is_installed;capacity;numdocksavailable;numbikesavailable;mechanical;ebike;is_renting;is_returning;duedate;coordonnees_geo;nom_arrondissement_communes;code_insee_commune
47004;Stade Auguste Delaune;OUI;21;6;15;9;6;OUI;OUI;2024-07-23 22:57:13.0;48.80896378683884,2.4345204234123234;Maisons-Alfort;null
14139;Pierre Larousse - Raymond Losserand;OUI;30;29;1;0;1;OUI;OUI;2024-07-23 22:51:56.0;48.83059564231877,2.3119183257222176;Paris;null
18033;Belliard - Damrémont;OUI;34;19;14;6;8;OUI;OUI;2024-07-23 22:50:15.0;48.89669238777841,2.338023450388167;Paris;null
13102;Pitié-Salpêtrière;OUI;51;32;19;17;2;OUI;OUI;2024-07-23 22:56:43.0;48.83748810318667,2.365213818848133;Paris;null
23007;Président Wilson - Jean Jaures;OUI;27;15;8;4;4;OUI;OUI;2024-07-23 22:55:16.0;48.89034054052266,2.2920683026313786;Levallois-Perret;null
11101;Charles Delescluze;OUI;49;6;39;37;2;OUI;OUI;2024-07-23 22:57:24.0;48.85242200848887,2.380632497370243;Paris;null
5121;Square René Viviani - Montebello;OUI;34;5;25;24;1;OUI;OUI;2024-07-23 22:57:57.0;48.851904891406384,2.347842156887055;Paris;null
14130;Jonquoy - Didot;OUI;30;25;5;0;5;OUI;OUI;2024-07-23 22:57:10.0;48.82890454823947,2.31648076325655;Paris;null
16043;Place de Passy;OUI;15;3;12;5;7;OUI;OUI;2024-07-23 22:51:09.0;48.85780291711202,2.277500546942199;Paris;null
10015;Lucien Sampaix - Récollets;OUI;46;43;3;1;2;OUI;OUI;2024-07-23 22:57:54.0;48.874330377560476,2.3621229082345963;Paris;null
