stationcode;name;is_installed;capacity;numdocksavailable;numbikesavailable;mechanical;ebike;is_renting;is_returning;duedate;coordonnees_geo;nom_arrondissement_communes;code_insee_commune
35010;Hoche - Jean Lolive;OUI;24;16;8;2;6;OUI;OUI;2024-07-23 22:55:43.0;48.89110239200789,2.402843534946442;Pantin;null
46002;Rouget de Lisle;OUI;35;10;22;6;16;OUI;OUI;2024-07-23 22:55:47.0;48.764615483395254,2.4071189761161804;Choisy-le-Roi;null
17203;Place de la Porte de Champeret;OUI;28;25;3;1;2;OUI;OUI;2024-07-23 22:53:59.0;48.886062068226,2.2917001576821;Paris;null
31009;Place Du Général De Gaulle;OUI;26;23;3;0;3;OUI;OUI;2024-07-23 22:54:55.0;48.8687591,2.4329931;Montreuil;null
31008;François Debergue - Croix de Chavaux;OUI;57;54;2;0;2;OUI;OUI;2024-07-23 22:56:58.0;48.857421708072074,2.437578141689301;Montreuil;null
41302;Charles de Gaulle - Beauté;OUI;49;27;18;9;9;OUI;OUI;2024-07-23 22:57:42.0;48.83649602312711,2.479562651149885;Nogent-sur-Marne;null
21015;Nationale - Place Jules Guesde;OUI;23;13;9;6;3;OUI;OUI;2024-07-23 22:54:06.0;48.82753962462998,2.2416052222251897;Boulogne-Billancourt;null
5018;Mutualité;OUI;37;11;23;20;3;OUI;OUI;2024-07-23 22:58:02.0;48.848225572724,2.3502873256803;Paris;null
44003;Gabriel Péri - Danielle Casanova;OUI;20;0;20;15;5;OUI;OUI;2024-07-23 22:56:17.0;48.790114,2.4025777;Vitry-sur-Seine;null
18011;Pajol - Place Herbert;OUI;39;3;35;17;18;OUI;OUI;2024-07-23 22:57:25.0;48.8927825,2.3635598;Paris;null
