stationcode;name;is_installed;capacity;numdocksavailable;numbikesavailable;mechanical;ebike;is_renting;is_returning;duedate;coordonnees_geo;nom_arrondissement_communes;code_insee_commune
14201;Decrès - Alésia;OUI;30;25;5;2;3;OUI;OUI;2024-07-23 22:54:42.0;48.832200060759,2.3139070151575;Paris;null
10006;Petites Ecuries - Faubourg Saint-Denis;OUI;28;26;2;1;1;OUI;OUI;2024-07-23 22:56:32.0;48.87287120589831,2.3542150855064397;Paris;null
14134;Château - Place de Catalogne;OUI;0;0;0;0;0;NON;NON;2024-01-30 23:37:44.0;48.836805542262,2.3185293003917;Paris;null
14103;Maine - Liancourt;OUI;27;24;3;1;2;OUI;OUI;2024-07-23 22:56:41.0;48.835064363954,2.323731449974;Paris;null
27001;Square Victor Basch;OUI;20;11;8;4;4;OUI;OUI;2024-07-23 22:56:49.0;48.914304862261,2.2289156913757;Colombes;null
3001;Beaumarchais - Saint-Gilles;OUI;51;5;44;41;3;OUI;OUI;2024-07-23 22:57:47.0;48.8580378,2.3679352;Paris;null
35005;Quai de l'Aisne - Général Leclerc;OUI;27;16;10;2;8;OUI;OUI;2024-07-23 22:56:30.0;48.895713,2.400571;Pantin;null
2003;Saint-Denis - Réaumur;OUI;32;28;4;1;3;OUI;OUI;2024-07-23 22:53:29.0;48.8661116315789,2.3507790675507594;Paris;null
18112;Arthur Ranc - Hôpital Bichat;OUI;26;14;10;8;2;OUI;OUI;2024-07-23 22:54:07.0;48.8978712500682,2.333521842956543;Paris;null
22503;Joffre - Aigle;OUI;20;10;10;7;3;OUI;OUI;2024-07-23 22:48:28.0;48.904033,2.245096;La Garenne-Colombes;null
