stationcode;name;is_installed;capacity;numdocksavailable;numbikesavailable;mechanical;ebike;is_renting;is_returning;duedate;coordonnees_geo;nom_arrondissement_communes;code_insee_commune
8040;Pierre Charron - Champs-Elysées;OUI;32;30;0;0;0;OUI;OUI;2024-07-23 22:56:31.0;48.870103359864,2.3043501377106;Paris;null
2008;Mairie du 2ème;OUI;28;28;0;0;0;OUI;OUI;2024-07-23 22:52:43.0;48.8672190355135,2.3404625437747044;Paris;null
19121;Belleville -  Pré Saint-Gervais;OUI;21;19;1;1;0;OUI;OUI;2024-07-23 22:56:55.0;48.875565910073,2.3930460959673;Paris;null
1026;Place du Lieutenant Henri Karcher;OUI;30;28;1;0;1;OUI;OUI;2024-07-23 22:51:30.0;48.863490871724466,2.3400671035051346;Paris;null
25007;Bons Raisins - Voltaire;OUI;24;22;2;0;2;OUI;OUI;2024-07-23 22:55:21.0;48.87282451461399,2.1947155570850896;Rueil-Malmaison;null
18015;Custine - Ramey;OUI;41;10;31;3;28;OUI;OUI;2024-07-23 22:56:31.0;48.888735896947,2.3469526693225;Paris;null
24004;Paix - Verdun;OUI;35;21;13;5;8;OUI;OUI;2024-07-23 22:57:57.0;48.900504,2.261173;Courbevoie;null
12164;Stade Pershing;OUI;26;9;16;6;10;OUI;OUI;2024-07-23 22:53:42.0;48.829107826857,2.4583535268903;Paris;null
8018;Saint-Augustin;OUI;31;29;1;0;1;OUI;OUI;2024-07-23 22:52:24.0;48.8762009747008,2.319786250591278;Paris;null
32024;Port - Confluence;OUI;26;18;8;5;3;OUI;OUI;2024-07-23 22:57:53.0;48.936093926526,2.3436167797955;Saint-Denis;null
