stationcode;name;is_installed;capacity;numdocksavailable;numbikesavailable;mechanical;ebike;is_renting;is_returning;duedate;coordonnees_geo;nom_arrondissement_communes;code_insee_commune
15025;Dupleix - du Guesclin;OUI;47;0;45;44;1;OUI;OUI;2024-07-23 22:57:09.0;48.85147910413369,2.296709530055523;Paris;null
43005;Gare RER de Vincennes;OUI;51;43;6;3;3;OUI;OUI;2024-07-23 22:56:19.0;48.847563015126106,2.433383166790009;Vincennes;null
18110;Departement - Pajol;OUI;19;4;15;8;7;OUI;OUI;2024-07-23 22:57:58.0;48.886674849730184,2.3613611608743668;Paris;null
22003;Beffroy;OUI;26;23;3;0;3;OUI;OUI;2024-07-23 22:54:55.0;48.886591074488,2.2613945603371;Neuilly-sur-Seine;null
19005;Flandre - Riquet;OUI;21;6;13;9;4;OUI;OUI;2024-07-23 22:55:27.0;48.888013281448,2.3737595955229;Paris;null
11024;Mairie du 11ème;OUI;51;2;46;43;3;OUI;OUI;2024-07-23 22:57:58.0;48.858925,2.3789759;Paris;null
10113;Parmentier - Hôpital Saint-Louis;OUI;43;32;9;7;2;OUI;OUI;2024-07-23 22:57:55.0;48.871379874257,2.3698963836667;Paris;null
20134;Lieutenant Chauré - Etienne Marey;OUI;20;19;1;0;1;OUI;OUI;2024-07-23 22:54:06.0;48.86746195408435,2.405970990657807;Paris;null
41606;Pasteur - Gambetta;OUI;19;8;9;6;3;OUI;OUI;2024-07-23 22:56:27.0;48.84572797384512,2.4236011505126953;Saint-Mandé;null
14136;Auguste Cain - Jean Moulin;OUI;40;13;26;8;18;OUI;OUI;2024-07-23 22:57:00.0;48.82577028927573,2.3210415244102482;Paris;null
