stationcode;name;is_installed;capacity;numdocksavailable;numbikesavailable;mechanical;ebike;is_renting;is_returning;duedate;coordonnees_geo;nom_arrondissement_communes;code_insee_commune
11036;Jules Ferry - Faubourg du Temple Paris;OUI;58;17;41;34;7;OUI;OUI;2024-07-23 22:58:01.0;48.868397,2.3678933;Paris;null
21008;Victor Hugo - Galliéni;OUI;34;3;30;26;4;OUI;OUI;2024-07-23 22:56:29.0;48.83802015441127,2.2460845112800603;Boulogne-Billancourt;null
19125;Place de l'Édit de Nantes;OUI;30;13;17;9;8;OUI;OUI;2024-07-23 22:54:57.0;48.88879,2.3785;Paris;null
11039;Richard Lenoir - Jean-Pierre Timbaud;OUI;36;17;18;16;2;OUI;OUI;2024-07-23 22:56:50.0;48.865804276686,2.3693370749669;Paris;null
18201;Tristan Tzara -  Tchaïkovski;OUI;33;4;27;11;16;OUI;OUI;2024-07-23 22:57:51.0;48.89490221746837,2.3648490384221077;Paris;null
13050;Quai Panhard et Levassor;OUI;57;21;33;26;7;OUI;OUI;2024-07-23 22:57:45.0;48.82837482809675,2.384273745805574;Paris;null
12027;Montgallet - Charenton;OUI;16;1;15;14;1;OUI;OUI;2024-07-23 22:53:04.0;48.842647778701,2.3861649278137;Paris;null
32604;Square du Théâtre du Garde-Chasse;OUI;50;43;7;0;7;OUI;OUI;2024-07-23 22:53:32.0;48.881287375060616,2.420119643211365;Les Lilas;null
32303;Gaston Roussel - Commune de Paris;OUI;30;24;5;1;4;OUI;OUI;2024-07-23 22:56:16.0;48.89432034553156,2.432552274419542;Romainville;null
19024;Botzaris - Parc des Buttes Chaumont;OUI;20;19;1;0;1;OUI;OUI;2024-07-23 22:53:14.0;48.877951,2.381464;Paris;null
