stationcode;name;is_installed;capacity;numdocksavailable;numbikesavailable;mechanical;ebike;is_renting;is_returning;duedate;coordonnees_geo;nom_arrondissement_communes;code_insee_commune
15020;Mairie du 15ème;OUI;32;1;31;26;5;OUI;OUI;2024-07-23 22:55:59.0;48.8417762,2.2986539;Paris;null
15002;Maine - Antoine Bourdelle;OUI;17;15;2;1;1;OUI;OUI;2024-07-23 22:57:23.0;48.84308531746595,2.320263946784738;Paris;null
19031;Manin - Crimée;OUI;23;4;17;5;12;OUI;OUI;2024-07-23 22:53:04.0;48.8831217743719,2.3863670602440834;Paris;null
21310;Kléber - Gouverneur Général Eboué;OUI;24;4;19;18;1;OUI;OUI;2024-07-23 22:57:55.0;48.826885843069796,2.2723413258790965;Issy-les-Moulineaux;null
13114;Nationale - Marcel Duchamp;OUI;23;16;7;4;3;OUI;OUI;2024-07-23 22:57:17.0;48.82463749337136,2.3678014799952507;Paris;null
20016;Pyrénées - Maraîchers;OUI;19;8;10;4;6;OUI;OUI;2024-07-23 22:57:01.0;48.85714001395299,2.4043509364128113;Paris;null
20017;Saint-Blaise - Mouraud;OUI;27;13;14;8;6;OUI;OUI;2024-07-23 22:56:59.0;48.85696177597818,2.40869477391243;Paris;null
32015;Gare RER de Saint-Denis;OUI;40;23;15;3;12;OUI;OUI;2024-07-23 22:57:14.0;48.93554324248177,2.3471488058567047;Saint-Denis;null
23008;Hôtel de Ville de Levallois Perret;OUI;26;21;4;2;2;OUI;OUI;2024-07-23 22:56:40.0;48.89314451997415,2.2888818383216862;Levallois-Perret;null
10010;Place Jacques Bonsergent;OUI;33;20;9;9;0;OUI;OUI;2024-07-23 22:57:55.0;48.870948218595,2.3612049221992;Paris;null
