stationcode;name;is_installed;capacity;numdocksavailable;numbikesavailable;mechanical;ebike;is_renting;is_returning;duedate;coordonnees_geo;nom_arrondissement_communes;code_insee_commune
5124;Erasme - Ulm;OUI;24;13;10;6;4;OUI;OUI;2024-07-23 22:56:27.0;48.84264375274712,2.3445946723222733;Paris;null
15067;Desaix - Edgar Faure;OUI;12;2;9;5;4;OUI;OUI;2024-07-23 22:53:39.0;48.852804604940296,2.293077029857222;Paris;null
22406;Guy Môquet - Etienne Dolet;OUI;23;17;5;0;5;OUI;OUI;2024-07-23 22:55:19.0;48.81527009991819,2.298078276995073;Malakoff;null
11027;Saint-Ambroise - Parmentier;OUI;38;9;29;25;4;OUI;OUI;2024-07-23 22:57:48.0;48.862147844548,2.3772348091006;Paris;null
31102;Boissière - Etienne Dolet;OUI;21;16;5;2;3;OUI;OUI;2024-07-23 22:58:01.0;48.876111,2.4677312;Montreuil;null
8010;Liège - Moscou;OUI;17;13;3;2;1;OUI;OUI;2024-07-23 22:53:35.0;48.8795431,2.3264628;Paris;null
8054;Bertie Albrecht - Hoche;OUI;32;30;1;1;0;OUI;OUI;2024-07-23 22:54:03.0;48.87614039826388,2.301303138307601;Paris;null
31022;Mairie de Montreuil;OUI;52;42;8;0;8;OUI;OUI;2024-07-23 22:57:58.0;48.86131452758348,2.440614402294159;Montreuil;null
21209;Molière - République;OUI;30;25;5;2;3;OUI;OUI;2024-07-23 22:57:44.0;48.81111581390707,2.3145738624448158;Montrouge;null
19101;Square Simon Bolivar;OUI;24;18;6;0;6;OUI;OUI;2024-07-23 22:55:01.0;48.8750898883217,2.3826304078102116;Paris;null
