stationcode;name;is_installed;capacity;numdocksavailable;numbikesavailable;mechanical;ebike;is_renting;is_returning;duedate;coordonnees_geo;nom_arrondissement_communes;code_insee_commune
16032;Eglise d'Auteuil;OUI;21;0;20;12;8;OUI;OUI;2024-07-23 22:57:50.0;48.84749841771691,2.26848387135299;Paris;null
92003;Chanzy - Sud-Est;OUI;25;3;20;15;5;OUI;OUI;2024-07-23 22:58:01.0;48.888912037698766,2.195632159709931;Nanterre;null
21003;Jean Jaurès - Jean Baptiste Clément;OUI;39;1;36;32;4;OUI;OUI;2024-07-23 22:55:30.0;48.84576261454011,2.2369650006294255;Boulogne-Billancourt;null
23802;Raymond Poincaré - Allée de la Marche;NON;23;23;0;0;0;NON;NON;2024-07-22 09:56:44.0;48.838634069623,2.1724102640451;Garches;null
17122;Bridaine - Lamandé;OUI;29;11;17;8;9;OUI;OUI;2024-07-23 22:55:02.0;48.8862074,2.3206239;Paris;null
31705;Champeaux - Gallieni;OUI;50;45;5;2;3;OUI;OUI;2024-07-23 22:55:07.0;48.864459134684644,2.4161778017878532;Bagnolet;null
9023;Laffitte - Italiens;OUI;33;33;0;0;0;OUI;OUI;2024-07-23 22:55:36.0;48.871815737396,2.3372015478451;Paris;null
21109;Guichet - Jean Jaurès;OUI;28;2;26;21;5;OUI;OUI;2024-07-23 22:57:55.0;48.905169868129036,2.3023840785026555;Clichy;null
16123;Mahatma Gandhi;OUI;26;20;1;1;0;OUI;OUI;2024-07-23 22:50:08.0;48.876356,2.264205;Paris;null
23701;Parvis Robert Schuman - Roger Salengro;OUI;24;16;8;0;8;OUI;OUI;2024-07-23 22:56:21.0;48.812657470558754,2.1921751275658607;Chaville;null
