stationcode;name;is_installed;capacity;numdocksavailable;numbikesavailable;mechanical;ebike;is_renting;is_returning;duedate;coordonnees_geo;nom_arrondissement_communes;code_insee_commune
16107;Benjamin Godard - Victor Hugo;OUI;35;33;2;2;0;OUI;OUI;2024-07-23 22:52:06.0;48.865983,2.275725;Paris;null
44015;Rouget de L'isle - Watteau;OUI;20;1;19;14;5;OUI;OUI;2024-07-23 22:54:51.0;48.778192750803,2.3963020229163;Vitry-sur-Seine;null
12109;Mairie du 12ème;OUI;30;0;28;24;4;OUI;OUI;2024-07-23 22:57:39.0;48.840855311763,2.3875549435616;Paris;null
9020;Toudouze - Clauzel;OUI;21;21;0;0;0;OUI;OUI;2024-07-23 22:56:20.0;48.87929591733507,2.3373600840568547;Paris;null
14111;Cassini - Denfert-Rochereau;OUI;25;14;10;4;6;OUI;OUI;2024-07-23 22:50:50.0;48.837525839067,2.3360354080796;Paris;null
14014;Jourdan - Stade Charléty;OUI;60;48;11;4;7;OUI;OUI;2024-07-23 22:56:31.0;48.819428333369,2.3433353751898;Paris;null
32017;Basilique;OUI;22;11;10;8;2;OUI;OUI;2024-07-23 22:57:56.0;48.93626891059109,2.3588666820200914;Saint-Denis;null
11104;Charonne - Robert et Sonia Delaunay;OUI;20;15;4;0;4;OUI;OUI;2024-07-23 22:56:06.0;48.855907555969,2.3925706744194;Paris;null
33006;André Karman - République;OUI;31;6;25;9;16;OUI;OUI;2024-07-23 22:56:51.0;48.91039875761846,2.3851355910301213;Aubervilliers;null
8026;Messine - Place Du Pérou;OUI;12;9;1;0;1;OUI;OUI;2024-07-23 22:48:41.0;48.875448033960744,2.315508019010038;Paris;null
