stationcode;name;is_installed;capacity;numdocksavailable;numbikesavailable;mechanical;ebike;is_renting;is_returning;duedate;coordonnees_geo;nom_arrondissement_communes;code_insee_commune
35009;Jean Lolive - Parc Stalingrad;OUI;22;0;19;6;13;OUI;OUI;2024-07-23 22:56:49.0;48.89206174403158,2.4091735482215886;Pantin;null
43003;Hôpital Bégin;OUI;26;23;3;2;1;OUI;OUI;2024-07-23 22:56:21.0;48.84571672113014,2.4272462725639348;Vincennes;null
8055;Courcelles - Place des Ternes;OUI;31;31;0;0;0;OUI;OUI;2024-07-23 22:56:41.0;48.878199928923124,2.2992860188665043;Paris;null
18012;Stephenson - Doudeauville;OUI;36;14;22;10;12;OUI;OUI;2024-07-23 22:53:30.0;48.888537048944826,2.3561610281467438;Paris;null
27002;Parc Pierre Lagravère;OUI;30;14;16;9;7;OUI;OUI;2024-07-23 22:57:37.0;48.92650488131725,2.239069678491417;Colombes;null
12009;Charenton - Diderot;OUI;18;0;17;15;2;OUI;OUI;2024-07-23 22:58:01.0;48.846171461187,2.3793068155646;Paris;null
17007;Navier - Epinettes;OUI;36;14;21;13;8;OUI;OUI;2024-07-23 22:56:10.0;48.89587780769155,2.3226776719093327;Paris;null
14036;Boulard - Daguerre;OUI;45;33;11;8;3;OUI;OUI;2024-07-23 22:56:50.0;48.83446472680611,2.3293386027216907;Paris;null
21502;Verdun - Place Henri IV;OUI;26;9;15;9;6;OUI;OUI;2024-07-23 22:55:38.0;48.870797375639214,2.2277003154158592;Suresnes;null
44010;8 Mai 1945 - 10 Juillet 1940;NON;30;30;0;0;0;NON;NON;2023-11-05 09:56:42.0;48.784567029674,2.3979035764933;Vitry-sur-Seine;null
