stationcode;name;is_installed;capacity;numdocksavailable;numbikesavailable;mechanical;ebike;is_renting;is_returning;duedate;coordonnees_geo;nom_arrondissement_communes;code_insee_commune
26004;Gare RER les Grésillons;OUI;22;1;21;11;10;OUI;OUI;2024-07-23 22:51:15.0;48.919898633572764,2.31458459136273;Asnières-sur-Seine;null
51002;Placette Grégoire Collas;OUI;25;16;9;4;5;OUI;OUI;2024-07-23 22:54:31.0;48.94342014002797,2.2487476095557213;Argenteuil;null
19110;Square Claude Bernard;OUI;30;22;7;2;5;OUI;OUI;2024-07-23 22:56:27.0;48.89876016219984,2.375325746834278;Paris;null
4021;Centre Georges Pompidou;OUI;26;20;4;2;2;OUI;OUI;2024-07-23 22:57:14.0;48.861419,2.352581;Paris;null
11112;Jules Vallès - Charonne;OUI;23;2;20;15;5;OUI;OUI;2024-07-23 22:57:35.0;48.854284379935,2.3847674578428;Paris;null
33016;Fort d'Aubervilliers;OUI;22;12;10;4;6;OUI;OUI;2024-07-23 22:58:02.0;48.91502382370325,2.4035281687974925;Aubervilliers;null
17009;Paul Bodin - Clichy;OUI;0;0;0;0;0;NON;NON;2024-06-17 07:10:50.0;48.892396146189,2.317142598331;Paris;null
12026;Place Ginette Hamelin;OUI;51;49;2;2;0;OUI;OUI;2024-07-23 22:56:22.0;48.837853,2.382064;Paris;null
16105;Crevaux - Bugeaud;OUI;31;27;4;1;3;OUI;OUI;2024-07-23 22:53:33.0;48.87080942867,2.2811490076919;Paris;null
17123;Mstislav Rostropovitch - Berthier;OUI;18;12;6;4;2;OUI;OUI;2024-07-23 22:55:26.0;48.892120821173975,2.309234105050564;Paris;null
