stationcode;name;is_installed;capacity;numdocksavailable;numbikesavailable;mechanical;ebike;is_renting;is_returning;duedate;coordonnees_geo;nom_arrondissement_communes;code_insee_commune
23101;Grande Rue - Europe;OUI;25;10;14;13;1;OUI;OUI;2024-07-23 22:55:32.0;48.8218104687602,2.205879874527455;Sèvres;null
41405;Place de l'Europe - Alfortville;OUI;24;15;9;5;4;OUI;OUI;2024-07-23 22:57:34.0;48.78913702405837,2.4284800887107854;Alfortville;null
1018;Alger - Rivoli;OUI;21;19;1;1;0;OUI;OUI;2024-07-23 22:57:34.0;48.864773553495,2.3294493936128;Paris;null
21026;Sèvres - Général Leclerc;OUI;30;16;14;13;1;OUI;OUI;2024-07-23 22:55:34.0;48.83012155905476,2.231426239013672;Boulogne-Billancourt;null
17106;Berthier - Porte de Clichy;OUI;24;24;0;0;0;OUI;OUI;2024-07-23 22:57:51.0;48.894222687781,2.3125872006816;Paris;null
21953;Gare de Bellevue;OUI;20;19;1;0;1;OUI;OUI;2024-07-23 22:51:07.0;48.8192404685572,2.2295309230685234;Meudon;null
1116;Ventadour - Opéra;OUI;27;27;0;0;0;OUI;OUI;2024-07-23 22:57:32.0;48.866810653323,2.3343884482519;Paris;null
7021;Bosquet - Saint-Dominique;OUI;28;6;18;15;3;OUI;OUI;2024-07-23 22:55:46.0;48.85865170952645,2.303716580234576;Paris;null
1017;Saint-Honoré - 29 juillet;OUI;20;16;1;0;1;OUI;OUI;2024-07-23 22:56:58.0;48.86557114282421,2.330567417577153;Paris;null
2015;Louis le Grand - Italiens;OUI;33;33;0;0;0;OUI;OUI;2024-07-23 22:52:07.0;48.870508937204,2.3340544619393;Paris;null
