stationcode;name;is_installed;capacity;numdocksavailable;numbikesavailable;mechanical;ebike;is_renting;is_returning;duedate;coordonnees_geo;nom_arrondissement_communes;code_insee_commune
32020;Jules Guesdes - Carnot;OUI;16;7;8;1;7;OUI;OUI;2024-07-23 22:57:54.0;48.93828169931872,2.3508992046117783;Saint-Denis;null
3009;Temple - Haudriettes;OUI;19;13;6;4;2;OUI;OUI;2024-07-23 22:58:00.0;48.861636880212,2.3566960206458;Paris;null
1015;Place André Malraux;OUI;19;17;0;0;0;OUI;OUI;2024-07-23 22:55:59.0;48.863925158727,2.3356226831675;Paris;null
3012;Square Emile - Chautemps;OUI;25;23;1;1;0;OUI;OUI;2024-07-23 22:53:17.0;48.867433724231,2.3536357283592;Paris;null
1008;Les Halles - Saint-Eustache;OUI;32;27;3;1;2;OUI;OUI;2024-07-23 22:57:59.0;48.86362695901683,2.342623919248581;Paris;null
23702;Hôtel de Ville de Chaville;OUI;20;19;1;0;1;OUI;OUI;2024-07-23 22:50:45.0;48.80887149094033,2.188134044408798;Chaville;null
9019;Victor Massé - Jean-Baptiste Pigalle;OUI;18;16;2;0;2;OUI;OUI;2024-07-23 22:56:33.0;48.8811043724,2.3366955667734;Paris;null
2002;Etienne Marcel - Montorgueil;OUI;28;27;1;1;0;OUI;OUI;2024-07-23 22:57:32.0;48.86450567259199,2.3461959511041637;Paris;null
44004;Place de l'Eglise - Vitry-sur-Seine;OUI;28;3;24;16;8;OUI;OUI;2024-07-23 22:57:37.0;48.791922819921815,2.395057752728462;Vitry-sur-Seine;null
21507;Gardenat-Lapostol - Velettes;OUI;20;14;4;3;1;OUI;OUI;2024-07-23 22:52:34.0;48.87387,2.224185;Suresnes;null
