stationcode;name;is_installed;capacity;numdocksavailable;numbikesavailable;mechanical;ebike;is_renting;is_returning;duedate;coordonnees_geo;nom_arrondissement_communes;code_insee_commune
17037;Bayen - Pereire;OUI;22;21;0;0;0;OUI;OUI;2024-07-23 22:52:29.0;48.881804409079656,2.2921088710427284;Paris;null
19016;Hautpoul - Jean Jaurès;OUI;32;13;19;4;15;OUI;OUI;2024-07-23 22:57:59.0;48.886393679436,2.3865414544355;Paris;null
19004;Quai de la Loire - Jean Jaurès;OUI;16;14;1;1;0;OUI;OUI;2024-07-23 22:57:45.0;48.88339733854529,2.371074522980134;Paris;null
32003;Wilson - Métallurgie;OUI;28;16;8;5;3;OUI;OUI;2024-07-23 22:48:36.0;48.909423010092326,2.3584435880184174;Saint-Denis;null
16124;Route de Sèvres - Porte de Bagatelle;OUI;66;48;16;15;1;OUI;OUI;2024-07-23 22:53:03.0;48.87525984132485,2.249415814876557;Paris;null
9005;Square d'Anvers;OUI;33;33;0;0;0;OUI;OUI;2024-07-23 22:56:29.0;48.882633484311,2.3448844062122;Paris;null
7009;Assemblée Nationale;OUI;76;72;2;0;2;OUI;OUI;2024-07-23 22:48:20.0;48.861411014652,2.3201214185208;Paris;null
7102;Mairie du 7ème;OUI;48;45;2;1;1;OUI;OUI;2024-07-23 22:58:01.0;48.8577967,2.3192664;Paris;null
5106;Cujas - Saint-Michel;OUI;19;10;7;4;3;OUI;OUI;2024-07-23 22:56:16.0;48.848191348584,2.341831654854;Paris;null
19013;Laumière - Petit;OUI;34;5;27;15;12;OUI;OUI;2024-07-23 22:57:32.0;48.88467368538326,2.380039058625698;Paris;null
