stationcode;name;is_installed;capacity;numdocksavailable;numbikesavailable;mechanical;ebike;is_renting;is_returning;duedate;coordonnees_geo;nom_arrondissement_communes;code_insee_commune
18041;Rochechouart - Martyrs;OUI;20;17;3;2;1;OUI;OUI;2024-07-23 22:55:30.0;48.882193779572,2.3405495658517;Paris;null
12040;Porte de Charenton;OUI;67;36;31;16;15;OUI;OUI;2024-07-23 22:55:04.0;48.83124010585643,2.3989107459783554;Paris;null
3004;Place de la République - Temple;OUI;18;9;6;6;0;OUI;OUI;2024-07-23 22:57:34.0;48.867211201859,2.3635464370545;Paris;null
25002;Hôtel de Ville de Rueil-Malmaison;OUI;20;5;11;5;6;OUI;OUI;2024-07-23 22:55:49.0;48.878194,2.181724;Rueil-Malmaison;null
11014;Place de la Nation - Taillebourg;OUI;47;45;1;0;1;OUI;OUI;2024-07-23 22:57:46.0;48.8488408,2.3973043;Paris;null
6005;Montparnasse -  Square Ozanam;OUI;49;48;1;0;1;OUI;OUI;2024-07-23 22:57:28.0;48.843310567822,2.3265242949128;Paris;null
28050;Paris La Défense Arena;NON;15;15;0;0;0;NON;NON;2024-07-23 22:52:25.0;48.894046800875,2.2384113642761;Puteaux;null
16022;Jean Bologne - Passy;OUI;19;16;3;1;2;OUI;OUI;2024-07-23 22:51:38.0;48.857566889784465,2.280027395306772;Paris;null
11020;Belfort - Voltaire;OUI;39;0;38;33;5;OUI;OUI;2024-07-23 22:56:07.0;48.8563358,2.3829901;Paris;null
20011;Pyrénées - Dagorno;OUI;20;10;9;2;7;OUI;OUI;2024-07-23 22:57:45.0;48.855425770695085,2.4051643162965775;Paris;null
