stationcode;name;is_installed;capacity;numdocksavailable;numbikesavailable;mechanical;ebike;is_renting;is_returning;duedate;coordonnees_geo;nom_arrondissement_communes;code_insee_commune
33017;Anatole France - President Roosevelt;OUI;29;17;10;6;4;OUI;OUI;2024-07-23 22:57:12.0;48.9155156,2.3814103;Aubervilliers;null
22409;Henri Barbusse - Stalingrad;OUI;16;7;9;0;9;OUI;OUI;2024-07-23 22:54:09.0;48.814183748660554,2.2872862592339516;Malakoff;null
15042;Henry Farman;OUI;16;15;1;1;0;OUI;OUI;2024-07-23 22:56:35.0;48.83372430280548,2.2713854536414146;Paris;null
19015;Thionville - Ourcq;OUI;24;6;16;6;10;OUI;OUI;2024-07-23 22:57:48.0;48.88917613743794,2.3833653330802917;Paris;null
20112;Jourdain - Place des Grandes Rigoles;OUI;22;15;7;1;6;OUI;OUI;2024-07-23 22:57:24.0;48.87403113727167,2.38959476351738;Paris;null
26003;Argenteuil - Voltaire;OUI;16;0;16;7;9;OUI;OUI;2024-07-23 22:57:19.0;48.91864865955558,2.2814112156629562;Asnières-sur-Seine;null
33102;Gabriel Péri - Francisco Ferrer;OUI;18;0;17;2;15;OUI;OUI;2024-07-23 22:55:20.0;48.88633710236977,2.407338917255402;Le Pré-Saint-Gervais;null
17004;Legendre - Clichy;OUI;40;4;36;25;11;OUI;OUI;2024-07-23 22:57:38.0;48.88896161855884,2.322528975094376;Paris;null
42706;Roger Salengro - Fontainebleau;OUI;25;6;18;11;7;OUI;OUI;2024-07-23 22:56:11.0;48.814548697325,2.3611663654447;Le Kremlin-Bicêtre;null
19003;Quai de la Seine;OUI;24;21;1;1;0;OUI;OUI;2024-07-23 22:56:21.0;48.884492238407525,2.3703941702842717;Paris;null
