stationcode;name;is_installed;capacity;numdocksavailable;numbikesavailable;mechanical;ebike;is_renting;is_returning;duedate;coordonnees_geo;nom_arrondissement_communes;code_insee_commune
9104;Caumartin - Provence;OUI;22;20;2;0;2;OUI;OUI;2024-07-23 22:57:34.0;48.874422773426545,2.3284685611724854;Paris;null
15056;Place Balard;OUI;22;11;14;13;1;OUI;OUI;2024-07-23 22:57:12.0;48.836395736424,2.2784192115068;Paris;null
8002;Gare Saint-Lazare - Cour du Havre;OUI;45;37;6;2;4;OUI;OUI;2024-07-23 22:57:53.0;48.875674400851,2.3265598341823;Paris;null
19203;Pailleron - Bouret;NON;27;21;6;1;5;NON;NON;2024-07-09 13:13:50.0;48.880516995482,2.3763902374411;Paris;null
42004;Westermeyer - Paul Vaillant-Couturier;OUI;25;1;32;25;7;OUI;OUI;2024-07-23 22:57:01.0;48.819116181578764,2.3966637253761296;Ivry-sur-Seine;null
19018;Cité de la Musique;OUI;60;51;7;4;3;OUI;OUI;2024-07-23 22:49:33.0;48.888796556487,2.3925811931922;Paris;null
40015;Iles de Loisirs de Créteil;NON;1;1;0;0;0;NON;NON;2024-07-01 08:07:39.0;48.780258200618,2.4455094301232;Créteil;null
40004;Créteil Village;NON;1;1;0;0;0;NON;NON;2024-07-04 10:43:58.0;48.79122395576,2.4642198533952;Créteil;null
27004;Gare de la Garenne-Colombes;NON;0;0;0;0;0;NON;NON;2018-12-21 15:48:55.0;48.909752,2.239145;Colombes;null
1022;Danielle Casanova - Place Vendôme;OUI;37;35;2;0;2;OUI;OUI;2024-07-23 22:55:22.0;48.868266498223,2.3304839059711;Paris;null
