stationcode;name;is_installed;capacity;numdocksavailable;numbikesavailable;mechanical;ebike;is_renting;is_returning;duedate;coordonnees_geo;nom_arrondissement_communes;code_insee_commune
18202;Diane Arbus;OUI;38;6;30;9;21;OUI;OUI;2024-07-23 22:56:08.0;48.898800717199,2.3524022474885;Paris;null
13009;Auguste Blanqui - Corvisart;OUI;26;13;12;6;6;OUI;OUI;2024-07-23 22:56:15.0;48.8300989,2.3502726;Paris;null
6010;Chevreuse - Montparnasse;OUI;15;3;12;8;4;OUI;OUI;2024-07-23 22:56:44.0;48.841739161231,2.3315522167367;Paris;null
9024;Taitbout - La Fayette;OUI;53;53;0;0;0;OUI;OUI;2024-07-23 22:55:32.0;48.8733298892,2.3352625966072;Paris;null
5015;Epée de Bois - Mouffetard;OUI;63;2;57;48;9;OUI;OUI;2024-07-23 22:57:39.0;48.841508690388835,2.350066713988781;Paris;null
15102;Square Bela Bartok;OUI;24;24;0;0;0;NON;NON;2024-07-23 22:54:43.0;48.851201568304,2.2846536710858;Paris;null
16037;Molitor - Michel-Ange;OUI;51;42;9;3;6;OUI;OUI;2024-07-23 22:57:25.0;48.845182081538034,2.26211277356597;Paris;null
21319;Esplanade du Foncet - Camille Desmoulins;OUI;28;14;11;10;1;OUI;OUI;2024-07-23 22:57:45.0;48.827090233494964,2.2606857866048813;Issy-les-Moulineaux;null
18004;Place des Abbesses;OUI;12;6;6;0;6;OUI;OUI;2024-07-23 22:55:44.0;48.884542726149725,2.3386867716908455;Paris;null
9102;Londres - Place d'Estienne d'Orves;OUI;25;24;1;1;0;OUI;OUI;2024-07-23 22:50:11.0;48.876693805756986,2.3305362090468407;Paris;null
