stationcode;name;is_installed;capacity;numdocksavailable;numbikesavailable;mechanical;ebike;is_renting;is_returning;duedate;coordonnees_geo;nom_arrondissement_communes;code_insee_commune
16008;Galilée - Kléber;OUI;32;30;0;0;0;OUI;OUI;2024-07-23 22:53:37.0;48.86741186571367,2.290781380114821;Paris;null
21312;Lucie Aubrac - Fort;OUI;30;24;6;0;6;OUI;OUI;2024-07-23 22:54:31.0;48.818144834008976,2.271184623241425;Issy-les-Moulineaux;null
11026;Chemin Vert - Saint-Maur;OUI;45;22;21;19;2;OUI;OUI;2024-07-23 22:56:02.0;48.86112461407359,2.381299026310444;Paris;null
14008;Mouton Duvernet - Général Leclerc;OUI;28;21;7;1;6;OUI;OUI;2024-07-23 22:57:06.0;48.831632518293,2.3293121159077;Paris;null
41601;Général De Gaulle - Alouette;OUI;26;3;21;9;12;OUI;OUI;2024-07-23 22:57:59.0;48.839109,2.4175664;Saint-Mandé;null
18028;Championnet - Vauvenargues;OUI;33;26;6;1;5;OUI;OUI;2024-07-23 22:57:03.0;48.89401874744574,2.3319872841238976;Paris;null
23006;Jules Guesde - Alsace;OUI;25;21;3;1;2;OUI;OUI;2024-07-23 22:48:35.0;48.890566275506,2.2950777411461;Levallois-Perret;null
42014;Place Marcel Cachin;OUI;32;21;10;9;1;OUI;OUI;2024-07-23 22:58:01.0;48.81411442356866,2.39090770483017;Ivry-sur-Seine;null
15021;Joseph Liouville - Croix Nivert;OUI;64;4;59;47;12;OUI;OUI;2024-07-23 22:57:26.0;48.844835471244416,2.297508493065834;Paris;null
4016;Lobau - Hôtel de Ville;OUI;60;60;0;0;0;NON;NON;2024-07-23 19:46:57.0;48.8562118,2.3532536;Paris;null
