stationcode;name;is_installed;capacity;numdocksavailable;numbikesavailable;mechanical;ebike;is_renting;is_returning;duedate;coordonnees_geo;nom_arrondissement_communes;code_insee_commune
31702;Pierre et Marie Curie - Julien Grimau;OUI;18;13;5;0;5;OUI;OUI;2024-07-23 22:57:11.0;48.870714014863225,2.424097023904324;Bagnolet;null
6013;Jacques Callot - Mazarine;OUI;28;28;0;0;0;NON;NON;2024-07-23 22:53:47.0;48.85528017533187,2.337574325501919;Paris;null
21013;Pierre Grenier - Pont de Billancourt;OUI;21;3;18;13;5;OUI;OUI;2024-07-23 22:51:41.0;48.8258020742942,2.2487989068031315;Boulogne-Billancourt;null
8033;Commandant Rivière;OUI;42;40;2;2;0;OUI;OUI;2024-07-23 22:58:01.0;48.872933,2.309796;Paris;null
21111;Professeur René Leriche - Général Leclerc;OUI;50;32;17;10;7;OUI;OUI;2024-07-23 22:57:54.0;48.90782845483013,2.307887971401215;Clichy;null
16121;Jardin d'Acclimatation;OUI;33;30;1;1;0;OUI;OUI;2024-07-23 22:57:18.0;48.878772242510465,2.270772233605385;Paris;null
2010;Uzès - Montmartre;OUI;29;27;2;1;1;OUI;OUI;2024-07-23 22:56:59.0;48.870790980240706,2.3431010171771054;Paris;null
15010;Square Cambronne;OUI;59;5;53;52;1;OUI;OUI;2024-07-23 22:57:26.0;48.84756654526,2.3025691509247;Paris;null
11114;Ledru-Rollin - Charonne;OUI;32;4;27;25;2;OUI;OUI;2024-07-23 22:57:33.0;48.85345855607243,2.3772463581947094;Paris;null
18141;Clignancourt - Sofia;OUI;19;10;8;2;6;OUI;OUI;2024-07-23 22:57:47.0;48.88511992309783,2.34719488842051;Paris;null
