stationcode;name;is_installed;capacity;numdocksavailable;numbikesavailable;mechanical;ebike;is_renting;is_returning;duedate;coordonnees_geo;nom_arrondissement_communes;code_insee_commune
10004;Metz - Faubourg Saint-Denis;OUI;48;44;2;1;1;OUI;OUI;2024-07-23 22:57:42.0;48.870893,2.353521;Paris;null
9015;Lamartine - Faubourg Montmartre;OUI;32;27;4;4;0;OUI;OUI;2024-07-23 22:55:19.0;48.87661398289084,2.339765690267086;Paris;null
21118;Neuilly - Petit;OUI;16;6;8;6;2;OUI;OUI;2024-07-23 22:55:48.0;48.898965361341254,2.29627937078476;Clichy;null
19021;Mairie du 19ème;OUI;27;13;14;8;6;OUI;OUI;2024-07-23 22:51:09.0;48.88256264247959,2.3812624812126164;Paris;null
11103;Pelée - Alphonse Baudin;OUI;38;4;32;23;9;OUI;OUI;2024-07-23 22:57:14.0;48.8600265,2.3710541;Paris;null
17104;Jardin Marguerite Long;OUI;22;16;6;4;2;OUI;OUI;2024-07-23 22:53:37.0;48.8816985773914,2.2836575657129288;Paris;null
20039;Belleville - Couronnes;OUI;50;31;19;14;5;OUI;OUI;2024-07-23 22:56:57.0;48.868831082877,2.3809862136841;Paris;null
19030;Melun - Jean Jaurès;OUI;28;2;25;9;16;OUI;OUI;2024-07-23 22:52:34.0;48.8837796723475,2.376477420330048;Paris;null
21203;Place Jules Ferry;OUI;28;16;12;3;9;OUI;OUI;2024-07-23 22:57:58.0;48.812107928414775,2.325837314128876;Montrouge;null
20045;Louis Ganne - Davout;OUI;30;17;12;1;11;OUI;OUI;2024-07-23 22:56:19.0;48.86338720692607,2.409725748002529;Paris;null
