stationcode;name;is_installed;capacity;numdocksavailable;numbikesavailable;mechanical;ebike;is_renting;is_returning;duedate;coordonnees_geo;nom_arrondissement_communes;code_insee_commune
26011;Ménil - Argenteuil;OUI;20;4;15;8;7;OUI;OUI;2024-07-23 22:57:52.0;48.925901818305,2.2741496502338;Asnières-sur-Seine;null
15050;Dominique Pado - Croix Nivert;OUI;22;1;21;20;1;OUI;OUI;2024-07-23 22:56:47.0;48.83648798164934,2.2897250577807426;Paris;null
22208;Stalingrad - Barbara;OUI;20;18;2;0;2;OUI;OUI;2024-07-23 22:57:07.0;48.809223658808,2.3175904558822;Bagneux;null
13036;Olympiades;OUI;36;21;11;7;4;OUI;OUI;2024-07-23 22:55:33.0;48.826764665199,2.3650860786438;Paris;null
18045;Pierre Ginier - Clichy;OUI;16;9;5;0;5;OUI;OUI;2024-07-23 22:52:47.0;48.8867667,2.326228;Paris;null
14035;Maine - Jean Zay;OUI;50;45;5;2;3;OUI;OUI;2024-07-23 22:58:02.0;48.837925263898,2.3225428909063;Paris;null
25010;Maréchal Leclerc de Hauteclocque - Marché Buzenval;OUI;30;26;4;1;3;OUI;OUI;2024-07-23 22:57:43.0;48.858446,2.192077;Rueil-Malmaison;null
14009;Tombe Issoire - René Coty;OUI;36;20;14;11;3;OUI;OUI;2024-07-23 22:51:39.0;48.830512876709,2.3343613743782;Paris;null
21320;Président Roosevelt - Rouget de Lisle;OUI;40;40;0;0;0;OUI;OUI;2024-07-23 22:52:21.0;48.83047518749,2.2616135525345;Issy-les-Moulineaux;null
16017;Siam - La Pompe;OUI;16;12;4;1;3;OUI;OUI;2024-07-23 22:55:34.0;48.861720329027264,2.275346568555312;Paris;null
