stationcode;name;is_installed;capacity;numdocksavailable;numbikesavailable;mechanical;ebike;is_renting;is_returning;duedate;coordonnees_geo;nom_arrondissement_communes;code_insee_commune
26002;Redoute - Les Courtilles;OUI;40;8;31;9;22;OUI;OUI;2024-07-23 22:57:03.0;48.929867194519,2.2836696356535;Asnières-sur-Seine;null
10029;Dunkerque - Rocroy;OUI;24;20;4;2;2;OUI;OUI;2024-07-23 22:53:27.0;48.880726,2.351464;Paris;null
17043;Belidor - Gouvion-Saint-Cyr;OUI;39;36;3;3;0;OUI;OUI;2024-07-23 22:48:33.0;48.88022154052015,2.2854680567979813;Paris;null
5005;Gay Lussac - Saint-Jacques;OUI;24;17;6;0;6;OUI;OUI;2024-07-23 22:57:15.0;48.844730256132095,2.341923944866407;Paris;null
16039;Exelmans - Versailles;OUI;49;0;45;36;9;OUI;OUI;2024-07-23 22:57:29.0;48.84097491091973,2.264390252530575;Paris;null
41303;Gare de Nogent-le-Perreux;OUI;32;8;24;10;14;OUI;OUI;2024-07-23 22:55:46.0;48.83842553348809,2.493693307042122;Nogent-sur-Marne;null
20042;Pyrénées - Emmery;OUI;40;37;3;0;3;OUI;OUI;2024-07-23 22:57:12.0;48.872010281270974,2.392039597034455;Paris;null
9106;Boudreau - Auber;OUI;14;10;3;1;2;OUI;OUI;2024-07-23 22:57:07.0;48.87219,2.329423;Paris;null
17030;Pereire - Rennequin;OUI;23;15;6;5;1;OUI;OUI;2024-07-23 22:56:16.0;48.88364782887555,2.2952447086572647;Paris;null
17040;Pereire - Ternes;OUI;48;39;8;1;7;OUI;OUI;2024-07-23 22:54:06.0;48.87973954830735,2.288012132048607;Paris;null
