stationcode;name;is_installed;capacity;numdocksavailable;numbikesavailable;mechanical;ebike;is_renting;is_returning;duedate;coordonnees_geo;nom_arrondissement_communes;code_insee_commune
15060;Place de la Montagne du Goulet;OUI;21;1;19;18;1;OUI;OUI;2024-07-23 22:55:32.0;48.8443415,2.2773844;Paris;null
21107;Bertrand Sincholle - Henri Barbusse;OUI;23;1;21;6;15;OUI;OUI;2024-07-23 22:56:08.0;48.89925982394349,2.3042294383049016;Clichy;null
11012;Montreuil - Voltaire;OUI;34;20;14;6;8;OUI;OUI;2024-07-23 22:57:58.0;48.850507011842,2.3930755582745;Paris;null
22007;Commandant Charcot - Bretteville;OUI;36;28;8;4;4;OUI;OUI;2024-07-23 22:54:42.0;48.87530570765423,2.2558460757136345;Neuilly-sur-Seine;null
8057;Hoche - Tilsitt;OUI;33;33;0;0;0;OUI;OUI;2024-07-23 22:57:50.0;48.874836457837,2.2971323132515;Paris;null
13037;Ivry - Baudricourt;OUI;20;11;9;5;4;OUI;OUI;2024-07-23 22:56:08.0;48.824695995415006,2.363106073577468;Paris;null
18042;Place Pigalle;OUI;21;16;5;2;3;OUI;OUI;2024-07-23 22:57:22.0;48.8827555,2.3361566;Paris;null
5031;Lacépède - Linné;OUI;54;1;46;43;3;OUI;OUI;2024-07-23 22:57:49.0;48.8437035476636,2.354651279747486;Paris;null
35001;Jean Jaurès - Ouvrières Pivéreuses;NON;1;1;0;0;0;NON;NON;2024-05-27 09:19:22.0;48.910423437526,2.3995766043663;Pantin;null
12017;Saint-Mandé - Docteur Arnold Netter;OUI;39;9;28;25;3;OUI;OUI;2024-07-23 22:55:25.0;48.84462585769668,2.404946386814118;Paris;null
