stationcode;name;is_installed;capacity;numdocksavailable;numbikesavailable;mechanical;ebike;is_renting;is_returning;duedate;coordonnees_geo;nom_arrondissement_communes;code_insee_commune
20034;Sorbier - Ménilmontant;OUI;24;13;10;0;10;OUI;OUI;2024-07-23 22:57:59.0;48.86854239566069,2.3897721245884895;Paris;null
92006;Place Nelson Mandela;OUI;30;28;2;0;2;OUI;OUI;2024-07-23 22:57:51.0;48.897874318180556,2.2182820737361912;Nanterre;null
16013;Mairie du 16ème;OUI;35;28;5;1;4;OUI;OUI;2024-07-23 22:56:08.0;48.863936848471994,2.2765953093767166;Paris;null
5024;Place Monge;OUI;21;2;14;10;4;OUI;OUI;2024-07-23 22:57:17.0;48.842761803051,2.3524079471827;Paris;null
18034;Leibniz - Jean Dollfus;OUI;32;16;16;10;6;OUI;OUI;2024-07-23 22:57:42.0;48.896328348515986,2.333390423834684;Paris;null
31005;Square Denise Buisson;OUI;45;30;15;5;10;OUI;OUI;2024-07-23 22:52:18.0;48.8562322730982,2.426436245441437;Montreuil;null
12019;Gare de Reuilly - Picpus;OUI;28;4;24;11;13;OUI;OUI;2024-07-23 22:54:50.0;48.84267354116789,2.3972943797707558;Paris;null
12038;Picpus - Louis Braille;OUI;44;19;25;11;14;OUI;OUI;2024-07-23 22:56:53.0;48.839988788912,2.4005256685521;Paris;null
20104;Louis Lumière.;OUI;22;17;5;2;3;OUI;OUI;2024-07-23 22:56:17.0;48.86216198070008,2.41112578185621;Paris;null
12155;Rottembourg - Général Michel Bizot;OUI;43;5;37;24;13;OUI;OUI;2024-07-23 22:57:55.0;48.83787825992554,2.4044052511453633;Paris;null
