stationcode;name;is_installed;capacity;numdocksavailable;numbikesavailable;mechanical;ebike;is_renting;is_returning;duedate;coordonnees_geo;nom_arrondissement_communes;code_insee_commune
42027;Verdun - Pierre et Marie Curie;OUI;26;11;14;6;8;OUI;OUI;2024-07-23 22:53:15.0;48.812822398263286,2.3707106709480286;Ivry-sur-Seine;null
21329;Gare - Aristide Briand;OUI;29;13;15;14;1;OUI;OUI;2024-07-23 22:56:47.0;48.821410564722,2.2555950104387;Issy-les-Moulineaux;null
16104;Paul Valery - Victor Hugo;OUI;35;35;0;0;0;OUI;OUI;2024-07-23 19:57:00.0;48.87137406080164,2.2887128591537476;Paris;null
15203;Porte de Versailles;OUI;28;27;1;1;0;NON;NON;2024-07-23 22:54:22.0;48.832324016657,2.2875617349045;Paris;null
20033;Etienne Dolet - Place Maurice Chevalier;OUI;33;0;33;16;17;OUI;OUI;2024-07-23 22:53:33.0;48.86798303359366,2.3851405311143026;Paris;null
19114;Manin - Secrétan;OUI;20;20;0;0;0;OUI;OUI;2024-07-23 22:50:21.0;48.8791665,2.3787959;Paris;null
17050;Batignolles - Abel Truchet;OUI;28;17;11;5;6;OUI;OUI;2024-07-23 22:57:54.0;48.883103904582,2.3238347490884;Paris;null
12123;Château de Vincennes;OUI;52;31;18;15;3;OUI;OUI;2024-07-23 22:54:18.0;48.84423193255657,2.439209537709179;Paris;null
8044;Alfred de Vigny - Place du Général Brocard;OUI;33;31;1;1;0;OUI;OUI;2024-07-23 22:55:05.0;48.87836138361425,2.305254448220567;Paris;null
21002;Place Denfert-Rochereau;OUI;20;11;9;6;3;OUI;OUI;2024-07-23 22:57:06.0;48.843252536286684,2.245987951755524;Boulogne-Billancourt;null
