stationcode;name;is_installed;capacity;numdocksavailable;numbikesavailable;mechanical;ebike;is_renting;is_returning;duedate;coordonnees_geo;nom_arrondissement_communes;code_insee_commune
35017;Toffier Decaux - Cartier Bresson;OUI;18;7;9;1;8;OUI;OUI;2024-07-23 22:50:04.0;48.90165072551549,2.4017545580863957;Pantin;null
14018;Porte d'Orléans;OUI;48;40;8;2;6;OUI;OUI;2024-07-23 22:54:30.0;48.8227639,2.3249313;Paris;null
20118;Orteaux - Mouraud;OUI;24;14;10;4;6;OUI;OUI;2024-07-23 22:57:29.0;48.85558642847872,2.408762907764669;Paris;null
7004;Raspail - Varenne;OUI;18;16;2;2;0;OUI;OUI;2024-07-23 22:53:46.0;48.853147816545,2.3263905197382;Paris;null
9031;Provence - Chaussée d'Antin;OUI;25;24;1;0;1;OUI;OUI;2024-07-23 22:51:41.0;48.87428447542072,2.332976511564311;Paris;null
42503;Vladimir Ilitch Lénine - Andrée Chedid;OUI;31;21;10;3;7;OUI;OUI;2024-07-23 22:54:38.0;48.813240124373,2.3319716067039;Gentilly;null
18049;Porte d'Aubervilliers;OUI;55;35;17;8;9;OUI;OUI;2024-07-23 22:54:37.0;48.89859661942376,2.3689722642302513;Paris;null
7014;Saint-François-Xavier;OUI;42;23;19;15;4;OUI;OUI;2024-07-23 22:56:45.0;48.85154484769,2.3146149516106;Paris;null
31703;Sadi Carnot - François Mitterrand;OUI;27;16;11;0;11;OUI;OUI;2024-07-23 22:51:25.0;48.87532687671517,2.4241617321968083;Bagnolet;null
7006;Quai Voltaire;OUI;32;31;1;1;0;NON;NON;2024-07-23 22:52:38.0;48.858942986179,2.3314182047146;Paris;null
