stationcode;name;is_installed;capacity;numdocksavailable;numbikesavailable;mechanical;ebike;is_renting;is_returning;duedate;coordonnees_geo;nom_arrondissement_communes;code_insee_commune
16030;Place de Barcelone - Mirabeau;OUI;55;1;0;0;0;NON;NON;2024-04-10 20:54:42.0;48.847623027364,2.2735664248466;Paris;null
8017;Rocher - Laborde;OUI;65;64;1;0;1;OUI;OUI;2024-07-23 22:54:14.0;48.87590240712654,2.322616316378116;Paris;null
18009;Jean-François Lépine - Stephenson;OUI;22;7;11;3;8;OUI;OUI;2024-07-23 22:53:53.0;48.88611466796807,2.356855627529275;Paris;null
15054;Lecourbe - Jean Maridor;OUI;19;1;18;16;2;OUI;OUI;2024-07-23 22:56:40.0;48.83796366147599,2.2877392172813416;Paris;null
17125;Marie-Georges Picquart - Pereire;OUI;32;21;11;6;5;OUI;OUI;2024-07-23 22:56:08.0;48.88863669349711,2.3111706599593163;Paris;null
14106;Marc Sangnier - Porte de Vanves;OUI;21;15;6;3;3;OUI;OUI;2024-07-23 22:53:12.0;48.825218683556734,2.3107116669416428;Paris;null
16136;Théophile Gautier - François Millet;OUI;30;0;27;24;3;OUI;OUI;2024-07-23 22:57:38.0;48.85034821320644,2.273029983043671;Paris;null
18046;Etienne Jodelle - Saint Ouen;OUI;33;28;5;1;4;OUI;OUI;2024-07-23 22:57:59.0;48.88794016394694,2.326124420314341;Paris;null
19032;Villette - Belleville;OUI;48;41;4;0;4;OUI;OUI;2024-07-23 22:57:08.0;48.8726877314,2.376461327076;Paris;null
8045;Place de la Reine Astrid;OUI;58;58;0;0;0;NON;NON;2024-07-23 22:53:24.0;48.864920982538,2.3025491823859;Paris;null
