stationcode;name;is_installed;capacity;numdocksavailable;numbikesavailable;mechanical;ebike;is_renting;is_returning;duedate;coordonnees_geo;nom_arrondissement_communes;code_insee_commune
16024;Ranelagh - Maison de la Radio;OUI;22;0;18;16;2;OUI;OUI;2024-07-23 22:57:41.0;48.85293603169479,2.280449643731117;Paris;null
21009;Le Corbusier - Jean Jaurès;OUI;46;7;39;33;6;OUI;OUI;2024-07-23 22:56:29.0;48.83780830557548,2.2408381104469304;Boulogne-Billancourt;null
21702;Gare SNCF Vanves-Malakoff;OUI;51;34;17;7;10;OUI;OUI;2024-07-23 22:57:53.0;48.819002163836444,2.292150005103606;Vanves;null
31017;Jean Moulin - Paul Doumer;OUI;20;10;10;1;9;OUI;OUI;2024-07-23 22:56:16.0;48.8622179854695,2.45533436536789;Montreuil;null
15043;Brancion - Lefebvre;OUI;11;2;9;0;9;OUI;OUI;2024-07-23 22:51:23.0;48.82900222785569,2.301431038163409;Paris;null
18114;Véron - Lepic;OUI;23;22;1;0;1;OUI;OUI;2024-07-23 22:51:34.0;48.88526123395252,2.334559857845307;Paris;null
22604;Hôtel de Ville de Fontenay-aux-Roses;OUI;34;22;12;2;10;OUI;OUI;2024-07-23 22:57:17.0;48.790844603480856,2.2871455930319455;Fontenay-aux-Roses;null
44103;Pont De Charenton;OUI;18;1;16;12;4;OUI;OUI;2024-07-23 22:53:09.0;48.8179685,2.4199531;Saint-Maurice;null
42305;Vanne - Saussaies;OUI;20;1;17;7;10;OUI;OUI;2024-07-23 22:54:21.0;48.786404,2.338848;Cachan;null
22403;Pierre Brossolette - Adolphe Pinard;OUI;24;22;2;1;1;OUI;OUI;2024-07-23 22:56:35.0;48.82177227954821,2.313155829906464;Malakoff;null
