stationcode;name;is_installed;capacity;numdocksavailable;numbikesavailable;mechanical;ebike;is_renting;is_returning;duedate;coordonnees_geo;nom_arrondissement_communes;code_insee_commune
42016;Pierre et Marie Curie - Maurice Thorez;OUI;27;0;26;10;16;OUI;OUI;2024-07-23 22:52:59.0;48.81580226360801,2.376804985105991;Ivry-sur-Seine;null
13007;Le Brun - Gobelins;OUI;48;1;46;39;7;OUI;OUI;2024-07-23 22:57:01.0;48.835092787824,2.3534681351338;Paris;null
21010;Silly - Galliéni;OUI;25;6;19;9;10;OUI;OUI;2024-07-23 22:56:08.0;48.835583838706,2.2325500845909;Boulogne-Billancourt;null
6003;Saint-Sulpice;OUI;21;18;1;0;1;OUI;OUI;2024-07-23 22:52:08.0;48.85165383178419,2.3308077827095985;Paris;null
25006;Place Nelson Mandela;OUI;22;5;16;8;8;OUI;OUI;2024-07-23 22:58:01.0;48.862453313908,2.1961666225454;Rueil-Malmaison;null
7002;Vaneau - Sèvres;OUI;35;11;23;20;3;OUI;OUI;2024-07-23 22:55:17.0;48.848563233059,2.3204218259346;Paris;null
17041;Guersant - Gouvion-Saint-Cyr;OUI;36;20;15;9;6;OUI;OUI;2024-07-23 22:57:53.0;48.88287775178599,2.287667370814871;Paris;null
5110;Lacépède - Monge;OUI;23;1;21;19;2;OUI;OUI;2024-07-23 22:55:53.0;48.84389286531899,2.3519663885235786;Paris;null
5016;Thouin - Cardinal Lemoine;OUI;17;8;8;0;8;OUI;OUI;2024-07-23 22:55:34.0;48.84504716661511,2.3494647851273465;Paris;null
6108;Saint-Romain - Cherche-Midi;OUI;17;13;3;2;1;OUI;OUI;2024-07-23 22:54:36.0;48.84708159081946,2.321374788880348;Paris;null
