stationcode;name;is_installed;capacity;numdocksavailable;numbikesavailable;mechanical;ebike;is_renting;is_returning;duedate;coordonnees_geo;nom_arrondissement_communes;code_insee_commune
21323;Charlot - Stade Gabriel Voisin;OUI;31;4;27;24;3;OUI;OUI;2024-07-23 22:55:10.0;48.827228120536,2.268122527474;Issy-les-Moulineaux;null
17048;De Toqueville - Terrasse;OUI;30;27;2;0;2;OUI;OUI;2024-07-23 22:54:05.0;48.882428,2.314002;Paris;null
18203;Lamarck - Saint-Ouen;OUI;40;40;0;0;0;NON;NON;2024-07-23 22:56:35.0;48.891334555236,2.3272445342326;Paris;null
10013;Alibert - Jemmapes;OUI;60;35;25;21;4;OUI;OUI;2024-07-23 22:56:34.0;48.871044051984,2.3661044619878;Paris;null
8009;Gare Saint-Lazare - Isly;OUI;27;26;1;1;0;OUI;OUI;2024-07-23 22:57:04.0;48.874777677621296,2.326515804784655;Paris;null
16118;Michel-Ange - Parent de Rosan;OUI;26;21;4;3;1;OUI;OUI;2024-07-23 22:55:14.0;48.840579923690115,2.2584119439125065;Paris;null
17008;Porte Pouchet-Bessières;OUI;23;13;10;4;6;OUI;OUI;2024-07-23 22:53:33.0;48.8978765,2.3230632;Paris;null
2017;Caire - Dussoubs;OUI;40;38;2;2;0;OUI;OUI;2024-07-23 22:52:06.0;48.86785342111862,2.349364310503006;Paris;null
7018;Ségur - d'Estrées;OUI;19;16;2;1;1;OUI;OUI;2024-07-23 22:52:58.0;48.851419978983,2.3097044974566;Paris;null
8103;Artois - Berri;OUI;23;21;1;1;0;OUI;OUI;2024-07-23 22:56:40.0;48.87393521240818,2.3064258322119713;Paris;null
