stationcode;name;is_installed;capacity;numdocksavailable;numbikesavailable;mechanical;ebike;is_renting;is_returning;duedate;coordonnees_geo;nom_arrondissement_communes;code_insee_commune
22006;Pierret - Madrid;OUI;28;27;1;0;1;OUI;OUI;2024-07-23 22:57:08.0;48.882976576876565,2.260125767248034;Neuilly-sur-Seine;null
21006;Marcelin Berthelot;OUI;27;5;22;18;4;OUI;OUI;2024-07-23 22:53:48.0;48.8415473058801,2.233161628246308;Boulogne-Billancourt;null
17028;Reims - Raymond Pitet;OUI;37;33;4;2;2;OUI;OUI;2024-07-23 22:52:24.0;48.8888,2.296319;Paris;null
44013;Edouard Tremblay - Julian Grimaux;OUI;30;22;8;0;8;OUI;OUI;2024-07-23 22:55:53.0;48.781383825117,2.3723508417606;Vitry-sur-Seine;null
21301;Saint-Vincent - Verdun;OUI;34;4;30;25;5;OUI;OUI;2024-07-23 22:55:45.0;48.819211549234495,2.254007756710053;Issy-les-Moulineaux;null
20131;Repos - Cimetière du Père Lachaise;OUI;33;27;6;3;3;OUI;OUI;2024-07-23 22:57:39.0;48.859358523593,2.3896131366845;Paris;null
42302;Aristide Briand - Gare de Bagneux;OUI;22;12;9;1;8;OUI;OUI;2024-07-23 22:57:43.0;48.79387269664978,2.321148812770844;Cachan;null
6025;Assas - Rennes;OUI;32;28;4;1;3;OUI;OUI;2024-07-23 22:52:22.0;48.8492084999386,2.32851454623001;Paris;null
21104;Madame de Sanzillon - Mozart;OUI;22;20;2;0;2;OUI;OUI;2024-07-23 22:54:18.0;48.90379820774301,2.3187401890754704;Clichy;null
5028;Censier - Jardin des Plantes;OUI;28;0;28;22;6;OUI;OUI;2024-07-23 22:57:20.0;48.84107178161383,2.355475388467312;Paris;null
