stationcode;name;is_installed;capacity;numdocksavailable;numbikesavailable;mechanical;ebike;is_renting;is_returning;duedate;coordonnees_geo;nom_arrondissement_communes;code_insee_commune
15034;Lakanal - Commerce;OUI;53;0;48;41;7;OUI;OUI;2024-07-23 22:57:33.0;48.84442462786544,2.294059172272682;Paris;null
43008;Fontenay - Libération;OUI;25;2;23;9;14;OUI;OUI;2024-07-23 22:56:15.0;48.84780306364685,2.445141971111298;Vincennes;null
1119;Cossonnerie - Sébastopol;OUI;24;22;1;0;1;OUI;OUI;2024-07-23 22:57:25.0;48.86132665908402,2.349419631063938;Paris;null
21212;Marne - Germain Dardan;OUI;22;20;2;2;0;OUI;OUI;2024-07-23 22:57:24.0;48.81217465201,2.3035024699104;Montrouge;null
35020;Marcelle - Thalie;OUI;20;16;4;1;3;OUI;OUI;2024-07-23 22:55:29.0;48.8835462,2.4137883;Pantin;null
43401;Gare RER - Canadiens;OUI;45;45;0;0;0;NON;NON;2024-06-24 19:05:58.0;48.819953079558,2.4641767524595;Joinville-le-Pont;null
25003;Henri Ste-Claire Déville - Paul Héroult;OUI;24;13;10;4;6;OUI;OUI;2024-07-23 22:57:59.0;48.892663,2.172411;Rueil-Malmaison;null
14003;Schoelcher - Raspail;OUI;50;21;29;8;21;OUI;OUI;2024-07-23 22:58:00.0;48.83681733526843,2.3312794080411474;Paris;null
17013;Legendre - Dulong;OUI;23;17;6;5;1;OUI;OUI;2024-07-23 22:51:00.0;48.885325169402904,2.316423766314984;Paris;null
46003;Conservatoire de Musique;OUI;25;13;12;4;8;OUI;OUI;2024-07-23 22:53:17.0;48.77093586667601,2.4034014344215398;Choisy-le-Roi;null
