stationcode;name;is_installed;capacity;numdocksavailable;numbikesavailable;mechanical;ebike;is_renting;is_returning;duedate;coordonnees_geo;nom_arrondissement_communes;code_insee_commune
4018;Saint-Bon - Rivoli;OUI;19;8;4;2;2;OUI;OUI;2024-07-23 22:57:36.0;48.857999643315,2.3502172809763;Paris;null
16102;Pergolèse - Marbeau;OUI;27;23;3;2;1;OUI;OUI;2024-07-23 22:56:31.0;48.873568706869,2.2815125225299;Paris;null
16044;Porte de Saint Cloud - Parc des Princes;OUI;32;1;29;26;3;OUI;OUI;2024-07-23 22:57:39.0;48.838662757066,2.2525164484978;Paris;null
19201;Petit - Georges Thill;OUI;23;8;14;10;4;OUI;OUI;2024-07-23 22:56:27.0;48.88603131999171,2.3895753175020222;Paris;null
32019;Place du 8 mai 1945.;OUI;30;4;26;14;12;OUI;OUI;2024-07-23 22:57:55.0;48.938882272105,2.3566243797541;Saint-Denis;null
19010;Emile Reynaud - Porte de la Villette;OUI;22;2;19;2;17;OUI;OUI;2024-07-23 22:53:11.0;48.90098953630053,2.3887022584676743;Paris;null
22506;Gare des Vallées;OUI;20;9;11;3;8;OUI;OUI;2024-07-23 22:57:53.0;48.913179,2.257726;La Garenne-Colombes;null
10009;Mairie du 10ème;OUI;19;10;8;7;1;OUI;OUI;2024-07-23 22:57:52.0;48.872089449907,2.3575825989246;Paris;null
1025;Oratoire - Rivoli;OUI;18;17;0;0;0;OUI;OUI;2024-07-23 22:51:03.0;48.861342760889,2.3400047421455;Paris;null
15132;Bargue -  Dutot;OUI;21;11;10;4;6;OUI;OUI;2024-07-23 22:56:45.0;48.837884,2.308876;Paris;null
