stationcode;name;is_installed;capacity;numdocksavailable;numbikesavailable;mechanical;ebike;is_renting;is_returning;duedate;coordonnees_geo;nom_arrondissement_communes;code_insee_commune
22502;Kléber - National;OUI;20;11;9;2;7;OUI;OUI;2024-07-23 22:56:48.0;48.906333898712234,2.2393910586833954;La Garenne-Colombes;null
1006;Grande Truanderie - Saint-Denis;OUI;33;28;2;1;1;OUI;OUI;2024-07-23 22:56:25.0;48.8626302,2.3498075;Paris;null
4015;Mairie du 4ème;OUI;44;25;16;10;6;OUI;OUI;2024-07-23 22:56:23.0;48.855949910497,2.3563823103905;Paris;null
15001;Gare Montparnasse - Arrivée;OUI;43;43;0;0;0;OUI;OUI;2024-07-23 22:54:51.0;48.843827994315,2.3225811123848;Paris;null
3003;Fille du Calvaire - Turenne;OUI;29;12;16;13;3;OUI;OUI;2024-07-23 22:55:08.0;48.86210505412563,2.3649600148200993;Paris;null
15008;Sèvres - Lecourbe;OUI;62;52;8;7;1;OUI;OUI;2024-07-23 22:57:54.0;48.8447677,2.3110086;Paris;null
22504;Château - République;OUI;20;10;9;7;2;OUI;OUI;2024-07-23 22:56:36.0;48.905928,2.253629;La Garenne-Colombes;null
22201;Henri Ravera - Gabriel Péri;OUI;30;17;13;3;10;OUI;OUI;2024-07-23 22:57:59.0;48.79722273833844,2.302115857601166;Bagneux;null
13125;Gare d'Austerlitz - Pont Charles de Gaulle;OUI;55;54;0;0;0;NON;NON;2024-07-23 22:54:57.0;48.842319830109,2.3670300096273;Paris;null
3008;Perle - Vieille du Temple;OUI;36;28;8;7;1;OUI;OUI;2024-07-23 22:49:36.0;48.8601346,2.3611206;Paris;null
