stationcode;name;is_installed;capacity;numdocksavailable;numbikesavailable;mechanical;ebike;is_renting;is_returning;duedate;coordonnees_geo;nom_arrondissement_communes;code_insee_commune
12125;Pyramide - Parc Floral;OUI;50;46;3;2;1;OUI;OUI;2024-07-23 22:57:22.0;48.837442,2.440452;Paris;null
11019;Charonne - Philippe-Auguste;OUI;32;9;22;15;7;OUI;OUI;2024-07-23 22:57:18.0;48.855603162026,2.39054639062;Paris;null
31101;Jules Guesde - Laennec;OUI;19;10;9;0;9;OUI;OUI;2024-07-23 22:52:20.0;48.87628983900398,2.5006942078471184;Rosny-sous-Bois;null
8015;Roquépine - Malesherbes;OUI;37;35;2;1;1;OUI;OUI;2024-07-23 22:55:48.0;48.87345073390807,2.320404499769211;Paris;null
31026;Demi-Lune - Aristide Briand;OUI;20;9;11;0;11;OUI;OUI;2024-07-23 22:56:25.0;48.87626381919953,2.4562818557024;Montreuil;null
21108;Mairie de Clichy;OUI;51;1;49;42;7;OUI;OUI;2024-07-23 22:57:23.0;48.903653634661,2.3059353232384;Clichy;null
12129;Bois de Vincennes - Porte Jaune;OUI;35;27;5;3;2;OUI;OUI;2024-07-23 22:57:44.0;48.838751246689455,2.4605489149689674;Paris;null
6014;Pont de Lodi - Dauphine;OUI;23;19;3;2;1;OUI;OUI;2024-07-23 22:56:16.0;48.855296898603285,2.339947307565249;Paris;null
9016;Choron - Martyrs;OUI;17;14;3;2;1;OUI;OUI;2024-07-23 22:57:40.0;48.877851443502536,2.3396701365709305;Paris;null
31018;Gambetta - Michelet;OUI;33;15;17;10;7;OUI;OUI;2024-07-23 22:57:05.0;48.85273792380526,2.429966032505036;Montreuil;null
