stationcode;name;is_installed;capacity;numdocksavailable;numbikesavailable;mechanical;ebike;is_renting;is_returning;duedate;coordonnees_geo;nom_arrondissement_communes;code_insee_commune
25001;Colmar - Victor Hugo;OUI;32;25;5;1;4;OUI;OUI;2024-07-23 22:56:00.0;48.88652251096166,2.173960916697979;Rueil-Malmaison;null
16009;Saint-Didier - Raymond Poincaré;OUI;17;16;1;1;0;OUI;OUI;2024-07-23 22:56:48.0;48.86642312020962,2.285863497192411;Paris;null
47001;Place de la Gare;OUI;46;32;14;8;6;OUI;OUI;2024-07-23 22:55:49.0;48.80253358011283,2.4275037646293645;Maisons-Alfort;null
10153;Gare du Nord - Denain;OUI;20;17;3;1;2;OUI;OUI;2024-07-23 22:54:56.0;48.879595787608,2.3544725775719;Paris;null
44101;Place Mongolfier;OUI;39;13;26;19;7;OUI;OUI;2024-07-23 22:55:53.0;48.815160030060376,2.4592879414558415;Saint-Maurice;null
16003;André Maurois - Joseph et Marie Hackin;OUI;29;22;5;5;0;OUI;OUI;2024-07-23 22:55:20.0;48.8778983,2.2789591;Paris;null
10165;Gare de l'Est - Place du 11 Novembre 1918;OUI;40;32;2;2;0;OUI;OUI;2024-07-23 22:55:33.0;48.876327,2.3585464;Paris;null
11109;Pierre Levée - Fontaine Timbaud;OUI;23;6;15;13;2;OUI;OUI;2024-07-23 22:57:30.0;48.86632723374305,2.3711163550615306;Paris;null
13128;Quai de la Gare - Pont de Bercy;OUI;30;30;0;0;0;NON;NON;2024-07-23 22:48:31.0;48.83730787972,2.3740861260598;Paris;null
21307;Victor Cresson - Telles de la Poterie;OUI;31;5;25;25;0;OUI;OUI;2024-07-23 22:57:47.0;48.822698842979,2.2686498274964;Issy-les-Moulineaux;null
