stationcode;name;is_installed;capacity;numdocksavailable;numbikesavailable;mechanical;ebike;is_renting;is_returning;duedate;coordonnees_geo;nom_arrondissement_communes;code_insee_commune
14031;Didot - Place de Moro-Giafferi;OUI;22;21;1;0;1;OUI;OUI;2024-07-23 22:55:14.0;48.8337,2.3215;Paris;null
13044;Place Jeanne d'Arc;OUI;36;9;27;24;3;OUI;OUI;2024-07-23 22:52:12.0;48.829575,2.369126;Paris;null
20044;Davout - Volga;OUI;28;21;7;2;5;OUI;OUI;2024-07-23 22:55:57.0;48.852919679957296,2.410522909779111;Paris;null
4020;Place Edmond Michelet;OUI;23;18;4;2;2;OUI;OUI;2024-07-23 22:55:51.0;48.860134890542,2.3500636965036;Paris;null
16019;Porte de la Muette;OUI;36;35;0;0;0;OUI;OUI;2024-07-23 22:54:20.0;48.86302317841182,2.2687188170157406;Paris;null
23004;Paul Vaillant-Couturier - Victor Hugo;OUI;36;24;12;5;7;OUI;OUI;2024-07-23 22:53:20.0;48.89819702263572,2.293848017974069;Levallois-Perret;null
33012;Landy - Heurtault;OUI;30;12;18;15;3;OUI;OUI;2024-07-23 22:55:19.0;48.915096534520316,2.375951372087002;Aubervilliers;null
8037;Monceau - Malesherbes;OUI;38;34;2;1;1;OUI;OUI;2024-07-23 22:54:36.0;48.8795079,2.3145456;Paris;null
10019;Paradis - Hauteville;OUI;31;23;7;6;1;OUI;OUI;2024-07-23 22:54:27.0;48.874999954666755,2.3522757401923404;Paris;null
21306;Place Lafayette;OUI;62;58;4;3;1;OUI;OUI;2024-07-23 22:57:48.0;48.829654975522,2.2638675570488;Issy-les-Moulineaux;null
