stationcode;name;is_installed;capacity;numdocksavailable;numbikesavailable;mechanical;ebike;is_renting;is_returning;duedate;coordonnees_geo;nom_arrondissement_communes;code_insee_commune
19009;Cité des Sciences et de l'Industrie;OUI;30;26;4;2;2;OUI;OUI;2024-07-23 22:56:00.0;48.89659571178903,2.384599149227142;Paris;null
15029;Emeriau - Place de Brazzaville;OUI;51;20;30;26;4;OUI;OUI;2024-07-23 22:56:24.0;48.850785261674964,2.2871585190296173;Paris;null
18109;Pajol - Riquet;OUI;47;3;43;15;28;OUI;OUI;2024-07-23 22:56:59.0;48.88960028134536,2.3628534749150276;Paris;null
17018;Parc Monceau;OUI;18;17;0;0;0;OUI;OUI;2024-07-23 22:56:42.0;48.881077914129,2.3095492646098;Paris;null
19038;Lassus - Delouvain;OUI;20;17;3;0;3;OUI;OUI;2024-07-23 22:57:24.0;48.8755044846,2.3890327325519;Paris;null
18005;Tardieu - Chappe;OUI;18;15;3;0;3;OUI;OUI;2024-07-23 22:57:27.0;48.884146759782,2.341845408082;Paris;null
18029;Emile Blemont - Poteau;OUI;39;13;25;16;9;OUI;OUI;2024-07-23 22:57:09.0;48.8943782,2.3415122;Paris;null
5002;Sommerard - Saint-Jacques;OUI;34;4;29;25;4;OUI;OUI;2024-07-23 22:57:32.0;48.850310432924466,2.345015835298588;Paris;null
21703;Square du Carrefour de l'Insurrection;OUI;23;8;15;2;13;OUI;OUI;2024-07-23 22:56:15.0;48.820864559770676,2.291113436222077;Vanves;null
15028;Grenelle - Dr Finlay;OUI;71;10;59;53;6;OUI;OUI;2024-07-23 22:57:13.0;48.851315406715976,2.2919502854347233;Paris;null
