stationcode;name;is_installed;capacity;numdocksavailable;numbikesavailable;mechanical;ebike;is_renting;is_returning;duedate;coordonnees_geo;nom_arrondissement_communes;code_insee_commune
18020;Francoeur - Marcadet;OUI;20;12;8;2;6;OUI;OUI;2024-07-23 22:57:42.0;48.89104123261663,2.340014585442034;Paris;null
17045;Place des Ternes.;OUI;46;42;3;1;2;OUI;OUI;2024-07-23 22:56:41.0;48.878438631226516,2.297727763652802;Paris;null
20136;Henri Chevreau - Couronnes;OUI;27;9;18;4;14;OUI;OUI;2024-07-23 22:56:58.0;48.87033205312931,2.388777695596218;Paris;null
43402;Place de Verdun;OUI;40;8;32;25;7;OUI;OUI;2024-07-23 22:58:01.0;48.8202823,2.473775;Joinville-le-Pont;null
5026;Pascal - Claude Bernard;OUI;49;3;45;44;1;OUI;OUI;2024-07-23 22:57:16.0;48.839061952159746,2.3499782010912895;Paris;null
33018;Edouard Poisson - Victor Hugo;OUI;30;6;22;5;17;OUI;OUI;2024-07-23 22:57:55.0;48.91118557052621,2.379864752692811;Aubervilliers;null
43006;Vignerons - Minimes;OUI;29;20;9;8;1;OUI;OUI;2024-07-23 22:57:34.0;48.841486,2.430793;Vincennes;null
11115;Montreuil - Gonnet;OUI;24;2;22;19;3;OUI;OUI;2024-07-23 22:56:12.0;48.850500564921,2.3890856287864;Paris;null
8102;Lamennais - Washington;OUI;26;24;1;0;1;OUI;OUI;2024-07-23 22:52:10.0;48.87352990026496,2.303444892168045;Paris;null
14021;Place de la Porte de Châtillon;OUI;59;54;5;3;2;OUI;OUI;2024-07-23 22:56:19.0;48.8242469,2.3186306;Paris;null
