stationcode;name;is_installed;capacity;numdocksavailable;numbikesavailable;mechanical;ebike;is_renting;is_returning;duedate;coordonnees_geo;nom_arrondissement_communes;code_insee_commune
12161;Diderot - Reuilly;OUI;44;3;38;36;2;OUI;OUI;2024-07-23 22:57:43.0;48.847208456061,2.3861273378134;Paris;null
13016;Primo Levi - Frigos;OUI;34;31;3;1;2;OUI;OUI;2024-07-23 22:57:51.0;48.83094844846017,2.37965351592796;Paris;null
15107;Palais des Sports;OUI;22;3;19;16;3;OUI;OUI;2024-07-23 22:55:50.0;48.833468517426,2.2858720645308;Paris;null
2009;Filles Saint-Thomas - Place de la Bourse;OUI;58;58;0;0;0;OUI;OUI;2024-07-23 22:56:42.0;48.868899890853,2.3397543845203;Paris;null
1117;Pont Neuf - Rivoli;OUI;27;12;8;5;3;OUI;OUI;2024-07-23 22:57:53.0;48.860089892617,2.344057559967;Paris;null
13043;Dunois - Clisson;OUI;51;0;49;43;6;OUI;OUI;2024-07-23 22:57:52.0;48.832294,2.3674523;Paris;null
19041;Belleville - Pyrénées;OUI;42;36;1;1;0;OUI;OUI;2024-07-23 22:56:05.0;48.8741908,2.3860039;Paris;null
8051;Batignolles - Rome;OUI;15;13;0;0;0;OUI;OUI;2024-07-23 22:56:38.0;48.881823370566806,2.3202589899301524;Paris;null
20137;Borrégo - Gambetta;OUI;25;14;11;0;11;OUI;OUI;2024-07-23 22:56:57.0;48.87330497045532,2.4014145880937576;Paris;null
44102;Verdun - Adrien Damalix;OUI;26;1;24;14;10;OUI;OUI;2024-07-23 22:58:00.0;48.8222334178559,2.4215328320860863;Saint-Maurice;null
