stationcode;name;is_installed;capacity;numdocksavailable;numbikesavailable;mechanical;ebike;is_renting;is_returning;duedate;coordonnees_geo;nom_arrondissement_communes;code_insee_commune
12201;Dugommier;OUI;53;8;43;37;6;OUI;OUI;2024-07-23 22:57:35.0;48.838811048815,2.3896577954292;Paris;null
32016;Place de la Porte de Paris;OUI;40;13;25;16;9;OUI;OUI;2024-07-23 22:56:39.0;48.93009363207303,2.3564037680625916;Saint-Denis;null
16034;Porte d'Auteuil;OUI;33;19;14;13;1;OUI;OUI;2024-07-23 22:57:28.0;48.8479394142243,2.2608396783471107;Paris;null
15201;Place Amédée Gordini - Lefebvre;OUI;38;34;3;1;2;OUI;OUI;2024-07-23 22:57:58.0;48.83061737745,2.2920634208276;Paris;null
41404;Carnot - Pâquerettes;OUI;26;7;19;4;15;OUI;OUI;2024-07-23 22:56:27.0;48.79592939432515,2.4261841177940373;Alfortville;null
31010;Stalingrad - Désiré Chevalier;OUI;42;19;21;6;15;OUI;OUI;2024-07-23 22:57:29.0;48.85670169739857,2.445072233676911;Montreuil;null
20132;Réunion - Avron;OUI;26;10;16;6;10;OUI;OUI;2024-07-23 22:51:19.0;48.852566752033766,2.403928068708116;Paris;null
19008;Flandre - Alphonse Karr;OUI;26;16;9;4;5;OUI;OUI;2024-07-23 22:57:59.0;48.89465,2.381868;Paris;null
42207;Place des Marseillais;OUI;37;5;31;19;12;OUI;OUI;2024-07-23 22:57:51.0;48.82663907252554,2.4059280753135686;Charenton-le-Pont;null
11004;Charonne - Faubourg Saint-Antoine;OUI;34;13;17;17;0;OUI;OUI;2024-07-23 22:52:53.0;48.852191909696,2.3740932717919;Paris;null
