stationcode;name;is_installed;capacity;numdocksavailable;numbikesavailable;mechanical;ebike;is_renting;is_returning;duedate;coordonnees_geo;nom_arrondissement_communes;code_insee_commune
13516;Glacière - Soeur Catherine Marie;OUI;40;10;29;26;3;OUI;OUI;2024-07-23 22:56:41.0;48.829522989420596,2.343570403754711;Paris;null
14131;Jourdan - Monticelli;OUI;30;13;16;13;3;OUI;OUI;2024-07-23 22:57:24.0;48.822032,2.329095;Paris;null
12035;Madagascar - Meuniers;OUI;33;0;33;25;8;OUI;OUI;2024-07-23 22:52:11.0;48.83460464474706,2.3970650508999825;Paris;null
17023;Porte d'Asnières;OUI;36;20;14;6;8;OUI;OUI;2024-07-23 22:57:22.0;48.89035817610495,2.3036286234855656;Paris;null
10021;Marché Saint-Quentin;OUI;15;14;0;0;0;OUI;OUI;2024-07-23 22:47:25.0;48.877356057652,2.3545114456374;Paris;null
44007;Camille Groult - Guy Môquet;OUI;22;11;11;8;3;OUI;OUI;2024-07-23 22:53:27.0;48.787482746521306,2.3976725712418556;Vitry-sur-Seine;null
44011;Lebrun - Colonel Fabien;OUI;27;15;11;4;7;OUI;OUI;2024-07-23 22:55:20.0;48.78266870733145,2.381317801773548;Vitry-sur-Seine;null
10105;Mazagran - Bonne Nouvelle;OUI;25;15;5;5;0;OUI;OUI;2024-07-23 22:56:45.0;48.870047123655,2.3511248454452;Paris;null
2108;Vivienne - Montmartre;OUI;39;36;2;1;1;OUI;OUI;2024-07-23 22:55:48.0;48.871347597383,2.3414588347077;Paris;null
6008;Assas - Luxembourg;OUI;33;31;2;2;0;OUI;OUI;2024-07-23 22:57:02.0;48.843734468779,2.3334283818759;Paris;null
