stationcode;name;is_installed;capacity;numdocksavailable;numbikesavailable;mechanical;ebike;is_renting;is_returning;duedate;coordonnees_geo;nom_arrondissement_communes;code_insee_commune
6006;Notre-Dame-des-Champs - Stanislas;OUI;19;10;9;7;2;OUI;OUI;2024-07-23 22:51:14.0;48.84479928858768,2.329337755887181;Paris;null
9038;Douai - Bruxelles;OUI;27;26;1;1;0;OUI;OUI;2024-07-23 22:56:56.0;48.88320784122797,2.3308449949028507;Paris;null
12128;Pyramide - Ecole du Breuil;OUI;34;0;34;25;9;OUI;OUI;2024-07-23 22:56:36.0;48.82237977153955,2.4586871266365056;Paris;null
31103;Gare Rosny-Bois-Perrier;OUI;36;12;24;3;21;OUI;OUI;2024-07-23 22:56:29.0;48.88115023337061,2.480436824262142;Rosny-sous-Bois;null
11113;Richard Lenoir - Republique;OUI;58;48;9;8;1;OUI;OUI;2024-07-23 22:56:50.0;48.8667175,2.3692541;Paris;null
13104;Gare d'Austerlitz - Quai Saint-Bernard;NON;27;27;0;0;0;NON;NON;2022-01-18 22:07:57.0;48.84369030864,2.3657163977623;Paris;null
10016;Récollets - Square Villemin;OUI;17;15;1;1;0;OUI;OUI;2024-07-23 22:58:01.0;48.875034655883944,2.359801238597928;Paris;null
19105;Ambroise Rendu - Porte Brunet;OUI;17;11;4;2;2;OUI;OUI;2024-07-23 22:57:38.0;48.883667,2.395733;Paris;null
14020;Cimetière de Montrouge;OUI;58;43;10;4;6;OUI;OUI;2024-07-23 22:57:43.0;48.821466904768,2.3215785772007;Paris;null
31706;Château - République;OUI;26;17;8;2;6;OUI;OUI;2024-07-23 22:55:00.0;48.862923800596,2.4155035614967;Bagnolet;null
