stationcode;name;is_installed;capacity;numdocksavailable;numbikesavailable;mechanical;ebike;is_renting;is_returning;duedate;coordonnees_geo;nom_arrondissement_communes;code_insee_commune
42029;Stalingrad - Germaine Tailleferre;OUI;28;6;22;6;16;OUI;OUI;2024-07-23 22:53:30.0;48.80257200481316,2.3786691203713417;Ivry-sur-Seine;null
17105;Place Madeleine Daniélou;OUI;42;37;4;2;2;OUI;OUI;2024-07-23 22:57:45.0;48.883498,2.282015;Paris;null
8035;Bienfaisance - Place de Narvik;OUI;36;35;1;0;1;OUI;OUI;2024-07-23 22:56:39.0;48.87660163459077,2.3129771277308464;Paris;null
9010;Rochechouart lamartine;OUI;24;20;3;3;0;OUI;OUI;2024-07-23 22:57:18.0;48.876719895109,2.344393021854;Paris;null
21313;Guynemer - Séverine;OUI;26;8;18;16;2;OUI;OUI;2024-07-23 22:53:54.0;48.83091743371036,2.2790706530213356;Issy-les-Moulineaux;null
16038;Molitor - Chardon-Lagache;OUI;34;17;16;11;5;OUI;OUI;2024-07-23 22:57:25.0;48.84520880183234,2.2656840831041336;Paris;null
26007;Square Gilbert Thomain;OUI;20;8;11;7;4;OUI;OUI;2024-07-23 22:55:32.0;48.90717373809284,2.2695400938391685;Asnières-sur-Seine;null
11105;Parmentier - République;OUI;50;31;17;14;3;OUI;OUI;2024-07-23 22:57:56.0;48.8644954,2.3750124;Paris;null
7015;Varenne;OUI;47;43;3;1;2;OUI;OUI;2024-07-23 22:57:58.0;48.857202661803,2.3152771219611;Paris;null
16108;Sablons - Georges Mandel;OUI;38;36;2;0;2;OUI;OUI;2024-07-23 22:54:43.0;48.863875,2.28189;Paris;null
