stationcode;name;is_installed;capacity;numdocksavailable;numbikesavailable;mechanical;ebike;is_renting;is_returning;duedate;coordonnees_geo;nom_arrondissement_communes;code_insee_commune
22018;Charles de Gaulle - Les Sablons;OUI;35;34;1;1;0;OUI;OUI;2024-07-23 22:54:51.0;48.880987514929,2.2715748726513;Neuilly-sur-Seine;null
9035;Gare Saint-Lazare - Place de Budapest;OUI;44;41;2;1;1;OUI;OUI;2024-07-23 22:55:09.0;48.877753,2.327339;Paris;null
17126;Hélène et François Missoffe - Emile Borel;OUI;32;9;21;9;12;OUI;OUI;2024-07-23 22:57:10.0;48.89990653843488,2.321543991674844;Paris;null
34005;Adrien Lesesne - Docteur Bauer;OUI;30;19;10;2;8;OUI;OUI;2024-07-23 22:52:43.0;48.90263867304635,2.348248063431511;Saint-Ouen-sur-Seine;null
17127;Porte de Clichy - Place des Nations Unies;OUI;40;29;9;5;4;OUI;OUI;2024-07-23 22:56:41.0;48.896737263309504,2.310542999196392;Paris;null
26008;Henri Barbusse - Bourguignons;OUI;34;6;27;4;23;OUI;OUI;2024-07-23 22:57:44.0;48.91301722799713,2.2734212270774417;Asnières-sur-Seine;null
26009;Marceau Delorme - Pierre Brossolette;OUI;28;0;27;14;13;OUI;OUI;2024-07-23 22:57:28.0;48.91206062860357,2.295897423568745;Asnières-sur-Seine;null
31301;Gare RER;OUI;30;20;10;7;3;OUI;OUI;2024-07-23 22:54:47.0;48.896280181078,2.4581568985227;Noisy-le-Sec;null
18500;Arena Porte de la Chapelle;NON;15;15;0;0;0;NON;NON;2024-07-22 13:50:34.0;48.898245541974,2.3592036703116;Paris;null
18024;Clignancourt - Ordener;OUI;35;22;13;5;8;OUI;OUI;2024-07-23 22:54:56.0;48.891457726153774,2.348636478060487;Paris;null
