stationcode;name;is_installed;capacity;numdocksavailable;numbikesavailable;mechanical;ebike;is_renting;is_returning;duedate;coordonnees_geo;nom_arrondissement_communes;code_insee_commune
12043;Daumesnil - Hébrard;OUI;40;0;40;40;0;OUI;OUI;2024-07-23 22:57:10.0;48.8429,2.38474;Paris;null
10039;Sambre et Meuse - Villette;OUI;25;15;9;2;7;OUI;OUI;2024-07-23 22:57:15.0;48.874405666217,2.3738072379951;Paris;null
8013;Marignan - Champs-Elysées;OUI;35;34;1;0;1;OUI;OUI;2024-07-23 22:45:02.0;48.869495661232,2.3066138139003;Paris;null
19036;Hôpital Robert Debré;OUI;33;25;8;2;6;OUI;OUI;2024-07-23 22:52:06.0;48.88005222200894,2.4008650346327003;Paris;null
13011;Hôpital - Campo-Formio;OUI;7;1;5;1;4;OUI;OUI;2024-07-23 22:57:54.0;48.835405,2.358218;Paris;null
17001;Guy Môquet - Saint-Ouen;OUI;53;4;49;32;17;OUI;OUI;2024-07-23 22:57:04.0;48.892777719023975,2.3270335793495183;Paris;null
31025;Paul Signac - Aristide Briand;OUI;35;29;6;0;6;OUI;OUI;2024-07-23 22:55:04.0;48.86950262156371,2.4502260982990265;Montreuil;null
31707;Edouard Vaillant - Galliéni;OUI;49;41;7;1;6;OUI;OUI;2024-07-23 22:57:09.0;48.858462881661,2.4147954583168;Bagnolet;null
8549;George V - Christophe Colomb;OUI;24;24;0;0;0;OUI;OUI;2024-07-23 22:53:30.0;48.87046,2.30104;Paris;null
12150;Bastille - Quai de la Rapée;OUI;27;18;7;6;1;OUI;OUI;2024-07-23 22:54:53.0;48.84682410855,2.3669364675879;Paris;null
