stationcode;name;is_installed;capacity;numdocksavailable;numbikesavailable;mechanical;ebike;is_renting;is_returning;duedate;coordonnees_geo;nom_arrondissement_communes;code_insee_commune
8016;Square Louis XVI;OUI;29;29;0;0;0;OUI;OUI;2024-07-23 22:57:54.0;48.87320440102894,2.323658830743138;Paris;null
22207;Rond-point du Dr Albert Schweitzer;OUI;22;10;12;3;9;OUI;OUI;2024-07-23 22:56:39.0;48.78980918988166,2.3143940046429634;Bagneux;null
10161;Gare de l'Est - Faubourg-Saint-Martin;OUI;32;27;4;2;2;OUI;OUI;2024-07-23 22:57:55.0;48.875642647477,2.3594588041306;Paris;null
31708;Noisy le Sec - Jean-Baptiste Clément;OUI;22;21;1;0;1;NON;NON;2024-07-23 22:51:41.0;48.87451538963655,2.415283620357514;Bagnolet;null
12031;Gabriel Lamé;OUI;36;2;32;29;3;OUI;OUI;2024-07-23 22:57:20.0;48.8351212784276,2.385534569621086;Paris;null
92002;Théâtre des Amandiers - Palais des sports;OUI;23;8;15;6;9;OUI;OUI;2024-07-23 22:57:36.0;48.892648526839,2.2136941552162;Nanterre;null
5022;Boulangers - Cardinal Lemoine;OUI;20;3;17;13;4;OUI;OUI;2024-07-23 22:57:39.0;48.8462904,2.3521495;Paris;null
19027;Serrurier;OUI;18;15;2;0;2;OUI;OUI;2024-07-23 22:51:25.0;48.8804934032465,2.39806417375803;Paris;null
21328;Verger - Colonel Guichard;OUI;29;24;5;0;5;OUI;OUI;2024-07-23 22:51:11.0;48.816376985087,2.2670380088932;Issy-les-Moulineaux;null
31028;Raspail Barbès;OUI;28;12;16;4;12;OUI;OUI;2024-07-23 22:57:52.0;48.8529945,2.4247387;Montreuil;null
