stationcode;name;is_installed;capacity;numdocksavailable;numbikesavailable;mechanical;ebike;is_renting;is_returning;duedate;coordonnees_geo;nom_arrondissement_communes;code_insee_commune
15014;Volontaires - Vaugirard;OUI;34;12;22;10;12;OUI;OUI;2024-07-23 22:55:57.0;48.84132050184004,2.30808901725357;Paris;null
13049;Vincent Auriol - Louise Weiss;OUI;22;21;1;0;1;OUI;OUI;2024-07-23 22:50:04.0;48.834001935501,2.3703888058662;Paris;null
11028;Guillaume Bertrand - République;OUI;38;12;25;17;8;OUI;OUI;2024-07-23 22:56:03.0;48.863825174341,2.380906377155;Paris;null
13051;Halle Freyssinet - Parvis Alan Turing;OUI;23;22;1;1;0;OUI;OUI;2024-07-23 22:50:04.0;48.832846814471,2.3711421713233;Paris;null
15113;Arsonval - Falguière;OUI;25;18;7;5;2;OUI;OUI;2024-07-23 22:54:16.0;48.84040040365445,2.313117867297474;Paris;null
32605;Mairie;OUI;20;8;11;0;11;OUI;OUI;2024-07-23 22:53:28.0;48.87914304162,2.4163350908311;Les Lilas;null
13023;Bobillot - Moulin des Prés;OUI;28;24;4;1;3;OUI;OUI;2024-07-23 22:56:15.0;48.828657346203,2.353020646317;Paris;null
17202;Mariotte - Batignolles;OUI;20;16;4;2;2;OUI;OUI;2024-07-23 22:56:06.0;48.884571659595,2.321469503475;Paris;null
19001;Crimée - Ourcq;OUI;56;42;13;5;8;OUI;OUI;2024-07-23 22:54:56.0;48.894104140316,2.3729460884673;Paris;null
17020;Jouffroy d'Abbans - Malesherbes;OUI;27;21;6;3;3;OUI;OUI;2024-07-23 22:52:11.0;48.8850134,2.3070717;Paris;null
