stationcode;name;is_installed;capacity;numdocksavailable;numbikesavailable;mechanical;ebike;is_renting;is_returning;duedate;coordonnees_geo;nom_arrondissement_communes;code_insee_commune
1002;Victoria - Place du Chatelet;OUI;22;22;0;0;0;NON;NON;2024-07-23 22:56:52.0;48.857992591527,2.3469167947769;Paris;null
41304;Port - Maurice Chevalier;OUI;30;6;24;24;0;OUI;OUI;2024-07-23 22:55:47.0;48.832474421632,2.490257616467;Nogent-sur-Marne;null
10151;Gare du Nord - Faubourg Saint-Denis;OUI;28;27;0;0;0;OUI;OUI;2024-07-23 22:55:43.0;48.879612765504,2.3568402975798;Paris;null
21327;Jean Bouin - Gouverneur Général Eboué;OUI;31;3;28;27;1;OUI;OUI;2024-07-23 22:57:07.0;48.824792734266,2.2651904328524;Issy-les-Moulineaux;null
22209;Verdun - Henri Barbusse;OUI;24;17;7;5;2;OUI;OUI;2024-07-23 22:57:29.0;48.802056061754,2.3159965061736;Bagneux;null
45005;Stalingrad - Général de Gaulle;OUI;26;1;25;17;8;OUI;OUI;2024-07-23 22:56:37.0;48.823450589614,2.4965062363218;Champigny-sur-Marne;null
35021;Cartier Bresson - Denis Papin;OUI;32;20;11;0;11;OUI;OUI;2024-07-23 22:54:19.0;48.902616,2.397814;Pantin;null
14110;Abbé Carton - Plantes;OUI;25;20;5;0;5;OUI;OUI;2024-07-23 22:50:16.0;48.827673823166,2.3209181427956;Paris;null
18018;Carpeaux - Place Jacques Froment;OUI;19;16;3;0;3;OUI;OUI;2024-07-23 13:19:44.0;48.8906542,2.3309428;Paris;null
10025;Jemmapes - Ecluses Saint-Martin;OUI;15;5;9;3;6;OUI;OUI;2024-07-23 22:57:33.0;48.87748519186726,2.3660067468881607;Paris;null
