stationcode;name;is_installed;capacity;numdocksavailable;numbikesavailable;mechanical;ebike;is_renting;is_returning;duedate;coordonnees_geo;nom_arrondissement_communes;code_insee_commune
18008;Square Léon;OUI;33;16;15;0;15;OUI;OUI;2024-07-23 22:57:55.0;48.88667396788626,2.353205569088459;Paris;null
12032;Porte Dorée;OUI;36;15;20;17;3;OUI;OUI;2024-07-23 22:58:01.0;48.8354337,2.4077132;Paris;null
7008;Villersexel - Saint-Germain;OUI;16;7;8;7;1;OUI;OUI;2024-07-23 22:56:55.0;48.858297001218,2.3237934708595;Paris;null
19037;Belleville - Porte des Lilas;OUI;32;21;7;0;7;OUI;OUI;2024-07-23 22:55:53.0;48.87660391892763,2.404769691129476;Paris;null
42703;Fontainebleau - Edmond Michelet;OUI;45;35;10;4;6;OUI;OUI;2024-07-23 22:54:41.0;48.80956436844049,2.3626908659935;Le Kremlin-Bicêtre;null
6103;Mézières - Rennes;OUI;55;53;1;1;0;OUI;OUI;2024-07-23 22:48:56.0;48.85023459321703,2.3303819820284843;Paris;null
14030;Pernety - Raymond Losserand;OUI;32;30;2;0;2;OUI;OUI;2024-07-23 22:57:55.0;48.834254627953,2.317609339387;Paris;null
20021;Indre - Prairies;OUI;38;25;12;2;10;OUI;OUI;2024-07-23 22:55:34.0;48.86254398506782,2.403290458023548;Paris;null
20201;Eugène Reisz - Davout;OUI;20;14;5;3;2;OUI;OUI;2024-07-23 22:50:28.0;48.85631874632638,2.410396970808506;Paris;null
7005;Raspail - Bac;OUI;52;48;4;3;1;OUI;OUI;2024-07-23 22:55:05.0;48.855628721101,2.3256602883339;Paris;null
