stationcode;name;is_installed;capacity;numdocksavailable;numbikesavailable;mechanical;ebike;is_renting;is_returning;duedate;coordonnees_geo;nom_arrondissement_communes;code_insee_commune
12105;Bercy - Villot;OUI;33;32;0;0;0;OUI;OUI;2024-07-23 22:57:14.0;48.841795009027,2.3767850184816;Paris;null
13123;BNF - Bibliothèque Nationale de France;OUI;42;42;0;0;0;NON;NON;2024-07-23 22:53:44.0;48.8350268238,2.3760157451034;Paris;null
12010;Daumesnil - Picpus;OUI;21;0;35;28;7;OUI;OUI;2024-07-23 22:56:52.0;48.8374688,2.401765;Paris;null
15122;Place Charles Vallin;OUI;26;0;32;17;15;OUI;OUI;2024-07-23 22:57:13.0;48.835523812041,2.3025986552238;Paris;null
15026;Bir Hakeim;OUI;33;31;2;1;1;NON;NON;2024-07-23 22:57:09.0;48.853844054334,2.289705348222;Paris;null
21404;Jean Jaurès - Gare de Clamart;OUI;20;4;15;2;13;OUI;OUI;2024-07-23 22:54:07.0;48.81321981219,2.2716768079163;Clamart;null
