stationcode;name;is_installed;capacity;numdocksavailable;numbikesavailable;mechanical;ebike;is_renting;is_returning;duedate;coordonnees_geo;nom_arrondissement_communes;code_insee_commune
8501;Grand Palais;NON;15;15;0;0;0;NON;NON;2024-07-22 13:50:02.0;48.868338473603,2.3110256868292;Paris;null
16501;Parc des Princes;NON;25;25;0;0;0;NON;NON;2024-07-23 22:55:11.0;48.839040170663,2.2557555164151;Paris;null
33019;Madeleine Vionnet;OUI;34;28;10;2;8;OUI;OUI;2024-07-23 22:55:52.0;48.902519074064,2.3740895837545;Aubervilliers;null
15501;Arena Paris Sud;NON;15;15;0;0;0;NON;NON;2024-07-22 13:50:27.0;48.828570063199,2.2924954906579;Paris;null
7500;Invalides;NON;15;15;0;0;0;NON;NON;2024-07-23 22:57:23.0;48.862460891184,2.3101201982988;Paris;null
21501;Pont de Suresnes;NON;24;24;0;0;0;NON;NON;2018-12-21 15:18:50.0;48.867415092322,2.2258946679617;Suresnes;null
13205;Choisy - Pointe d'Ivry;NON;1;1;0;0;0;NON;NON;2024-07-15 10:46:06.0;48.822154170359,2.3633708034878;Paris;null
13035;Choisy - Tolbiac;NON;0;0;0;0;0;NON;NON;2023-11-29 13:09:17.0;48.82591155587,2.3602393269539;Paris;null
32050;Stade de France;NON;25;25;0;0;0;NON;NON;2024-07-22 13:50:37.0;48.922987525712,2.3653386785198;Saint-Denis;null
19204;Rampal - Belleville;NON;0;0;0;0;0;NON;NON;2023-09-19 10:41:41.0;48.873114661405,2.3798409114805;Paris;null
