stationcode;name;is_installed;capacity;numdocksavailable;numbikesavailable;mechanical;ebike;is_renting;is_returning;duedate;coordonnees_geo;nom_arrondissement_communes;code_insee_commune
4010;Saint-Antoine Sévigné;OUI;26;4;21;18;3;OUI;OUI;2024-07-23 22:57:48.0;48.8550222,2.3612322;Paris;null
10028;Gare du Nord - Dunkerque;OUI;29;20;7;5;2;OUI;OUI;2024-07-23 22:54:32.0;48.880423508429,2.3527636751533;Paris;null
4104;Sebastopol - Rambuteau;OUI;16;15;1;1;0;OUI;OUI;2024-07-23 22:57:34.0;48.86181809267,2.3501381278038;Paris;null
10001;René Boulanger - Lancry;OUI;62;50;10;9;1;OUI;OUI;2024-07-23 22:57:08.0;48.8685433,2.3600032;Paris;null
21302;Aristide Briand - Place de la Résistance;OUI;25;1;30;29;1;OUI;OUI;2024-07-23 22:56:29.0;48.82124248401006,2.2511002421379094;Issy-les-Moulineaux;null
20030;Ménilmontant - Père Lachaise;OUI;41;6;34;15;19;OUI;OUI;2024-07-23 22:56:52.0;48.863287291502,2.3869940266013;Paris;null
47006;Les Planètes;OUI;16;16;0;0;0;NON;NON;2024-06-30 16:15:51.0;48.8099849920804,2.4580853059887886;Maisons-Alfort;null
7007;Musée d'Orsay;OUI;65;65;0;0;0;NON;NON;2024-07-23 22:48:05.0;48.85972615790874,2.325860448181629;Paris;null
23801;Place de la Gare;NON;20;20;0;0;0;NON;NON;2024-07-23 09:21:21.0;48.838513582184,2.1866139007512;Garches;null
15032;Félix Faure - Lourmel;OUI;58;0;57;55;2;OUI;OUI;2024-07-23 22:56:45.0;48.83868901709515,2.2818081825971603;Paris;null
