stationcode;name;is_installed;capacity;numdocksavailable;numbikesavailable;mechanical;ebike;is_renting;is_returning;duedate;coordonnees_geo;nom_arrondissement_communes;code_insee_commune
21311;Parvis Corentin Celton;OUI;55;5;48;46;2;OUI;OUI;2024-07-23 22:57:14.0;48.82747252522725,2.2784319519996648;Issy-les-Moulineaux;null
15108;Lourmel - Marie Skobtsov;OUI;22;0;21;17;4;OUI;OUI;2024-07-23 22:57:41.0;48.844974,2.287283;Paris;null
12041;Bois de Vincennes.;OUI;60;51;8;2;6;OUI;OUI;2024-07-23 22:53:46.0;48.8338064,2.4132221;Saint-Mandé;null
17046;Mac-Mahon - Brey;OUI;25;20;5;1;4;OUI;OUI;2024-07-23 22:50:33.0;48.877532084130166,2.294512536052928;Paris;null
23403;Chateau;OUI;22;0;21;14;7;OUI;OUI;2024-07-23 22:58:02.0;48.774661399959,2.3135878035462;Bourg-la-Reine;null
17121;Square des Epinettes;OUI;20;1;19;16;3;OUI;OUI;2024-07-23 22:57:44.0;48.89383909781389,2.325953990221024;Paris;null
4013;Vieille du Temple - Francs Bourgeois;OUI;29;22;7;4;3;OUI;OUI;2024-07-23 22:58:00.0;48.858256413365815,2.35821794718504;Paris;null
18113;Lepic - Armée d'Orient;OUI;24;18;6;0;6;OUI;OUI;2024-07-23 22:52:30.0;48.88753640381415,2.334307730197907;Paris;null
45001;Hôtel de Ville de Champigny sur Marne;OUI;21;13;7;2;5;OUI;OUI;2024-07-23 22:58:00.0;48.813810628405,2.5096759200096;Champigny-sur-Marne;null
16021;François Ponsard - La Muette;OUI;23;17;6;5;1;OUI;OUI;2024-07-23 22:57:08.0;48.8583666,2.2744515;Paris;null
