stationcode;name;is_installed;capacity;numdocksavailable;numbikesavailable;mechanical;ebike;is_renting;is_returning;duedate;coordonnees_geo;nom_arrondissement_communes;code_insee_commune
19040;Belleville - Télégraphe;OUI;41;38;3;0;3;OUI;OUI;2024-07-23 22:57:22.0;48.8756045,2.3995549;Paris;null
31012;Place Carnot;OUI;25;13;11;2;9;OUI;OUI;2024-07-23 22:55:01.0;48.85593932186797,2.441531717777252;Montreuil;null
17047;Courcelles - Pierre Demours;OUI;26;23;3;1;2;OUI;OUI;2024-07-23 22:57:55.0;48.883769733273496,2.29858466343129;Paris;null
12024;Gare de Bercy;OUI;35;34;1;0;1;OUI;OUI;2024-07-23 22:54:22.0;48.839794573906,2.3826066032052;Paris;null
6016;Danton - Serpente;OUI;22;6;13;11;2;OUI;OUI;2024-07-23 22:54:10.0;48.852297362582,2.3414132371545;Paris;null
16129;Ceinture du Lac Inferieure - Saint-Cloud;OUI;42;16;24;15;9;OUI;OUI;2024-07-23 22:57:35.0;48.86218070933143,2.2617871686816216;Paris;null
41204;République - Danton;OUI;20;2;17;1;16;OUI;OUI;2024-07-23 22:54:17.0;48.85249172181667,2.462034523487091;Fontenay-sous-Bois;null
35019;Anatole France - Jean Lolive;OUI;28;11;15;13;2;OUI;OUI;2024-07-23 22:54:34.0;48.8949922,2.4253764;Pantin;null
10020;Chabrol - d'Hauteville;OUI;11;0;11;3;8;OUI;OUI;2024-07-23 22:57:15.0;48.87701838803332,2.3513179644942284;Paris;null
6030;Assas - Vaugirard;OUI;35;35;0;0;0;OUI;OUI;2024-07-23 22:57:28.0;48.848274111398,2.3292413726449;Paris;null
