stationcode;name;is_installed;capacity;numdocksavailable;numbikesavailable;mechanical;ebike;is_renting;is_returning;duedate;coordonnees_geo;nom_arrondissement_communes;code_insee_commune
15058;Place du Moulin de Javel;OUI;45;44;0;0;0;OUI;OUI;2024-07-23 22:55:42.0;48.84021670922,2.2716060653329;Paris;null
12122;Bois de Vincennes - Polygone;OUI;51;51;0;0;0;OUI;OUI;2024-07-23 22:53:40.0;48.83544491617421,2.431421081436563;Paris;null
31201;Suzanne Masson;OUI;37;16;21;19;2;OUI;OUI;2024-07-23 22:56:46.0;48.923306888013,2.3847292397611;La Courneuve;null
15120;Colonel Pierre Avia;OUI;29;11;17;15;2;OUI;OUI;2024-07-23 22:54:56.0;48.8296843300915,2.275342586850291;Paris;null
15013;Volontaires - Lecourbe;OUI;31;2;28;22;6;OUI;OUI;2024-07-23 22:56:05.0;48.84351378799,2.3065522313118;Paris;null
16033;Marché d'Auteuil;OUI;32;5;24;16;8;OUI;OUI;2024-07-23 22:52:50.0;48.84842761367387,2.265253821160005;Paris;null
8004;Malesherbes - Place de la Madeleine;OUI;67;61;5;2;3;OUI;OUI;2024-07-23 22:56:42.0;48.870406028483,2.323243509808;Paris;null
16023;Passy - Place du Costa Rica;OUI;33;27;6;5;1;OUI;OUI;2024-07-23 22:57:07.0;48.8584893,2.2839655;Paris;null
8038;François 1er - Montaigne;OUI;53;52;1;0;1;OUI;OUI;2024-07-23 22:55:04.0;48.866887649978,2.3066755757207;Paris;null
11029;Ménilmontant - Oberkampf;OUI;40;16;21;9;12;OUI;OUI;2024-07-23 22:57:17.0;48.866617658681,2.3830134404158;Paris;null
