stationcode;name;is_installed;capacity;numdocksavailable;numbikesavailable;mechanical;ebike;is_renting;is_returning;duedate;coordonnees_geo;nom_arrondissement_communes;code_insee_commune
17025;Chazelles - Courcelles;OUI;35;35;0;0;0;OUI;OUI;2024-07-23 22:51:07.0;48.879406604954,2.3034455627202988;Paris;null
17026;Jouffroy d'Abbans - Wagram;OUI;40;35;4;2;2;OUI;OUI;2024-07-23 22:49:58.0;48.881973298352,2.301132157445;Paris;null
43002;Lagny - Victor Basch;OUI;26;16;10;6;4;OUI;OUI;2024-07-23 22:52:21.0;48.84884147189881,2.426325418925233;Vincennes;null
15202;Bracion - Périphérique;OUI;30;26;4;1;3;OUI;OUI;2024-07-23 22:52:42.0;48.826103771275,2.3004549373748;Paris;null
16138;Saint-Cloud - Hippodrome;OUI;30;16;13;7;6;OUI;OUI;2024-07-23 22:57:50.0;48.85772148887421,2.2549109905958176;Paris;null
8050;Boétie - Ponthieu;OUI;45;43;1;1;0;OUI;OUI;2024-07-23 22:57:15.0;48.871417284355,2.3076787590981;Paris;null
21216;Louis Lejeune - Barbès;OUI;25;21;4;1;3;OUI;OUI;2024-07-23 22:57:16.0;48.81807418981508,2.3267009854316716;Montrouge;null
13101;Croulebarde - Corvisart;OUI;34;1;33;26;7;OUI;OUI;2024-07-23 22:57:08.0;48.830981659316855,2.3481646925210953;Paris;null
13030;Italie - Tolbiac;OUI;21;0;20;9;11;OUI;OUI;2024-07-23 22:51:57.0;48.82557229464416,2.3576171323657036;Paris;null
14108;Le Brix et Mesmin - Jourdan;OUI;21;19;2;1;1;OUI;OUI;2024-07-23 22:54:01.0;48.82234096593411,2.327861653302471;Paris;null
