stationcode;name;is_installed;capacity;numdocksavailable;numbikesavailable;mechanical;ebike;is_renting;is_returning;duedate;coordonnees_geo;nom_arrondissement_communes;code_insee_commune
11001;Richard Lenoir - Place de la Bastille;OUI;53;29;19;19;0;OUI;OUI;2024-07-23 22:57:57.0;48.8538327,2.3697222;Paris;null
15027;Duhamel - André Gide;OUI;20;18;2;0;2;OUI;OUI;2024-07-23 22:51:14.0;48.8365662244334,2.312707121097412;Paris;null
32051;Centre Aquatique Olympique - Stade de France;NON;15;15;0;0;0;NON;NON;2024-07-22 13:50:34.0;48.915153832393,2.3577524078641;Saint-Denis;null
31105;Lavoisier - Missak Manouchian;OUI;18;4;13;7;6;OUI;OUI;2024-07-23 22:57:10.0;48.86286468896063,2.495676465332508;Rosny-sous-Bois;null
23203;Division Leclerc - Kléber;OUI;25;22;3;0;3;OUI;OUI;2024-07-23 22:49:27.0;48.798666226364,2.2833752789972;Châtillon;null
42205;Place Aristide Briand;OUI;35;8;27;16;11;OUI;OUI;2024-07-23 22:57:51.0;48.82189236575831,2.413003742694855;Charenton-le-Pont;null
34008;Garibaldi - Gabriel Péri;OUI;30;1;26;21;5;OUI;OUI;2024-07-23 22:57:32.0;48.905741911394,2.3316044208059;Saint-Ouen-sur-Seine;null
30004;Jean Jaurès - Place de la Libération;OUI;30;10;17;4;13;OUI;OUI;2024-07-23 22:56:20.0;48.90617751921,2.4391458057475;Bobigny;null
34012;Bateliers - Quai de Seine;OUI;26;16;10;7;3;OUI;OUI;2024-07-23 22:53:29.0;48.915817585516,2.3239533298594;Saint-Ouen-sur-Seine;null
22701;Général Leclerc - République;OUI;30;15;15;5;10;OUI;OUI;2024-07-23 22:57:13.0;48.915885074177,2.2682306702811;Bois-Colombes;null
