stationcode;name;is_installed;capacity;numdocksavailable;numbikesavailable;mechanical;ebike;is_renting;is_returning;duedate;coordonnees_geo;nom_arrondissement_communes;code_insee_commune
4001;Arcole - Notre-Dame;OUI;31;31;0;0;0;NON;NON;2024-07-23 22:48:45.0;48.853883541328,2.3493797332048;Paris;null
13515;Auguste Blanqui - Glacière;OUI;60;48;11;9;2;OUI;OUI;2024-07-23 22:53:18.0;48.831151602964,2.343822196126;Paris;null
14010;Jean Moulin - Place Victor et Hélène Basch;OUI;41;23;18;10;8;OUI;OUI;2024-07-23 22:50:19.0;48.82764910241,2.3261967301369;Paris;null
16007;Longchamp - Place d'Iéna;OUI;40;30;7;2;5;OUI;OUI;2024-07-23 22:53:03.0;48.86491723343388,2.2926748171448708;Paris;null
19108;Gaston Tessier - Rosa Parks RER;OUI;37;34;3;1;2;OUI;OUI;2024-07-23 22:56:44.0;48.8963765,2.3743692;Paris;null
10110;Louis Blanc - Jemmapes;OUI;31;19;10;6;4;OUI;OUI;2024-07-23 22:57:20.0;48.879330755297346,2.368448562920093;Paris;null
17003;Jacques Kellner - Saint-Ouen;OUI;45;26;16;9;7;OUI;OUI;2024-07-23 22:56:31.0;48.895809485802886,2.327897409164145;Paris;null
12006;Gare de Lyon - Van Gogh;OUI;41;33;5;3;2;OUI;OUI;2024-07-23 22:55:47.0;48.843839785643,2.3704450240357;Paris;null
42501;Raspail - Albert Schweitzer;OUI;28;6;21;9;12;OUI;OUI;2024-07-23 22:56:19.0;48.81031545,2.34395871;Gentilly;null
15125;Parc Suzanne Lenglen;OUI;52;51;1;1;0;OUI;OUI;2024-07-23 22:55:18.0;48.833250690537874,2.2765403240919113;Paris;null
