stationcode;name;is_installed;capacity;numdocksavailable;numbikesavailable;mechanical;ebike;is_renting;is_returning;duedate;coordonnees_geo;nom_arrondissement_communes;code_insee_commune
41604;Lagny - Joffre;OUI;31;27;1;1;0;OUI;OUI;2024-07-23 22:56:16.0;48.84930687084088,2.417949736118317;Saint-Mandé;null
28001;Richard Wallace - Place du 8 Mai 1945;OUI;30;15;14;5;9;OUI;OUI;2024-07-23 22:54:04.0;48.87866794788021,2.2420343756675725;Puteaux;null
15017;Place Falguière;OUI;23;4;19;11;8;OUI;OUI;2024-07-23 22:57:26.0;48.83629973941847,2.3104464635252953;Paris;null
16111;Faustin Hélie - Desbordes-Valmore;OUI;33;24;7;3;4;OUI;OUI;2024-07-23 22:54:25.0;48.859403,2.276522;Paris;null
10005;Petites Ecuries - Faubourg Poissonnière;OUI;17;15;1;1;0;OUI;OUI;2024-07-23 22:55:27.0;48.87397217237368,2.348388757504776;Paris;null
11007;Jean Macé - Faidherbe;OUI;63;0;56;55;1;OUI;OUI;2024-07-23 22:58:00.0;48.85337548426,2.3828620836139;Paris;null
26001;Gare d'Asnières sur Seine;OUI;24;8;14;7;7;OUI;OUI;2024-07-23 22:51:26.0;48.90636459217474,2.2835066914558415;Asnières-sur-Seine;null
35018;Ancien Canal - Hélène Brion;OUI;23;4;18;11;7;OUI;OUI;2024-07-23 22:52:25.0;48.89484799296163,2.4188338592648506;Pantin;null
92004;Nanterre - Université;OUI;20;14;6;5;1;OUI;OUI;2024-07-23 22:57:50.0;48.901365,2.212693;Nanterre;null
17011;Fragonard - Porte de Clichy;OUI;56;52;2;1;1;OUI;OUI;2024-07-23 22:57:10.0;48.894155633419,2.3143893107772;Paris;null
