stationcode;name;is_installed;capacity;numdocksavailable;numbikesavailable;mechanical;ebike;is_renting;is_returning;duedate;coordonnees_geo;nom_arrondissement_communes;code_insee_commune
41403;Gare RER - Malleret-Joinville;OUI;20;5;14;6;8;OUI;OUI;2024-07-23 22:55:11.0;48.802936,2.42531;Alfortville;null
22303;Lucien Lanternier - Le Luth;OUI;27;2;25;11;14;OUI;OUI;2024-07-23 22:52:49.0;48.93159430558871,2.2889783978462224;Gennevilliers;null
23102;Hôtel de Ville de Sèvres;OUI;32;4;27;23;4;OUI;OUI;2024-07-23 22:57:14.0;48.824363561288756,2.2131047397851944;Sèvres;null
17107;Berthier - Place Stuart Merril;OUI;37;29;7;3;4;OUI;OUI;2024-07-23 22:54:49.0;48.885927922355044,2.2933450341224675;Paris;null
33014;Parc Eli Lotar;OUI;20;8;10;4;6;OUI;OUI;2024-07-23 22:56:46.0;48.91844993053703,2.3727085813879967;Aubervilliers;null
15057;Lucien Bossoutrot - Général Martial Vallin;OUI;39;37;0;0;0;OUI;OUI;2024-07-23 22:55:57.0;48.836956046311,2.2741072252393;Paris;null
9007;Condorcet - Turgot;OUI;20;14;6;5;1;OUI;OUI;2024-07-23 22:54:10.0;48.87985155789093,2.345232367515564;Paris;null
16002;Pergolèse - Malakoff;OUI;38;37;0;0;0;OUI;OUI;2024-07-23 22:53:52.0;48.87521088779225,2.2842781618237495;Paris;null
13052;Leredde - Tolbiac;OUI;44;22;21;18;3;OUI;OUI;2024-07-23 22:57:37.0;48.82887629664,2.3744382709265;Paris;null
15004;Vaugirard - Pasteur;OUI;21;20;1;0;1;OUI;OUI;2024-07-23 22:51:06.0;48.84040868803496,2.3154367133975033;Paris;null
