stationcode;name;is_installed;capacity;numdocksavailable;numbikesavailable;mechanical;ebike;is_renting;is_returning;duedate;coordonnees_geo;nom_arrondissement_communes;code_insee_commune
6104;Herschel - Observatoire;OUI;37;34;2;0;2;OUI;OUI;2024-07-23 22:56:50.0;48.84342376221923,2.3376645147800446;Paris;null
41211;Louis Xavier de Ricard - Ancienne Mairie;OUI;34;25;9;0;9;OUI;OUI;2024-07-23 22:52:21.0;48.84629899065091,2.472420372068882;Fontenay-sous-Bois;null
17019;Phalsbourg - Villiers;OUI;20;17;2;1;1;OUI;OUI;2024-07-23 22:56:22.0;48.88242307900951,2.3090453445911407;Paris;null
12101;Charenton - Prague;OUI;26;5;19;18;1;OUI;OUI;2024-07-23 22:56:28.0;48.848175129981,2.3763584494312;Paris;null
22301;Chausson - Gabriel Péri;OUI;22;9;12;6;6;OUI;OUI;2024-07-23 22:57:56.0;48.921891003481115,2.2952306270599365;Gennevilliers;null
21707;Square Etienne Jarousse;OUI;25;12;13;0;13;OUI;OUI;2024-07-23 22:55:00.0;48.82485182597129,2.2925933450460434;Vanves;null
20006;Pyrénées - Plaine;OUI;12;1;11;4;7;OUI;OUI;2024-07-23 22:55:30.0;48.85026702458,2.4062821269035;Paris;null
15129;Hôpital Necker;OUI;40;35;5;2;3;OUI;OUI;2024-07-23 22:50:13.0;48.846043490118454,2.313245013356209;Paris;null
32013;Saint-Denis - Université;OUI;24;6;16;3;13;OUI;OUI;2024-07-23 22:54:38.0;48.94563430946964,2.3638297989964485;Saint-Denis;null
20015;Bagnolet - Orteaux;OUI;36;20;16;3;13;OUI;OUI;2024-07-23 22:50:32.0;48.85708641027236,2.3984125256538396;Paris;null
