stationcode;name;is_installed;capacity;numdocksavailable;numbikesavailable;mechanical;ebike;is_renting;is_returning;duedate;coordonnees_geo;nom_arrondissement_communes;code_insee_commune
16103;Traktir - Foch;OUI;22;21;1;1;0;OUI;OUI;2024-07-23 22:56:59.0;48.872755334614,2.2915497802487;Paris;null
8039;Colisée - Champs-Elysées;OUI;24;16;0;0;0;OUI;OUI;2024-07-23 22:52:30.0;48.870475399387,2.3076190799475;Paris;null
7111;Ecole Militaire - Place Joffre;OUI;26;14;7;6;1;OUI;OUI;2024-07-23 22:57:04.0;48.852060203583,2.3017993569374;Paris;null
15105;Fédération - Suffren;OUI;25;7;18;5;13;OUI;OUI;2024-07-23 22:58:02.0;48.852828153442,2.2978776320815;Paris;null
12157;Fabre d'Eglantine - Place de la Nation;OUI;68;58;9;1;8;OUI;OUI;2024-07-23 22:56:06.0;48.8471116,2.3956204;Paris;null
15500;Arena Champs-de-Mars - Stade Tour Eiffel;NON;15;15;0;0;0;NON;NON;2024-07-22 13:50:27.0;48.848575331508,2.2995226684905;Paris;null
1003;Saint-Denis - Rivoli;OUI;43;34;3;0;3;OUI;OUI;2024-07-23 22:57:06.0;48.859059340842,2.3476943001151;Paris;null
40007;Préfecture de Créteil;NON;1;1;0;0;0;NON;NON;2024-05-29 11:54:08.0;48.783680285918,2.4544713672215;Créteil;null
40010;Haut du Mont-Mesly;NON;1;1;0;0;0;NON;NON;2023-04-18 16:29:14.0;48.780191921646,2.4685737495183;Créteil;null
16005;Raymond Poincaré - Place Victor Hugo;OUI;25;23;2;2;0;OUI;OUI;2024-07-23 22:54:44.0;48.87030612437,2.2850745414202;Paris;null
