stationcode;name;is_installed;capacity;numdocksavailable;numbikesavailable;mechanical;ebike;is_renting;is_returning;duedate;coordonnees_geo;nom_arrondissement_communes;code_insee_commune
22404;Pierre Brossolette - 12 Février 1934;OUI;25;9;15;7;8;OUI;OUI;2024-07-23 22:57:11.0;48.8176962416867,2.3076123744249344;Malakoff;null
42210;Victor Hugo - Paul Eluard;OUI;32;3;28;20;8;OUI;OUI;2024-07-23 22:57:40.0;48.819602554907,2.4114319673051;Charenton-le-Pont;null
8007;Rome - Provence;OUI;30;27;1;0;1;OUI;OUI;2024-07-23 22:58:01.0;48.874230055580306,2.325570111724113;Paris;null
34013;Blanqui - Docteur Bauer;OUI;28;6;22;3;19;OUI;OUI;2024-07-23 22:56:53.0;48.907735489085,2.3407192814591;Saint-Ouen-sur-Seine;null
18101;Championnet.;OUI;22;16;6;2;4;OUI;OUI;2024-07-23 22:57:33.0;48.8953643,2.3498166;Paris;null
23104;Quai de Sèvres - Manufacture Nationale;OUI;28;18;10;9;1;OUI;OUI;2024-07-23 22:53:09.0;48.828688,2.22499;Sèvres;null
6028;Quatre Vents - Carrefour de l'Odéon;OUI;37;12;20;20;0;OUI;OUI;2024-07-23 22:57:28.0;48.851751374458864,2.338161695134053;Paris;null
48012;Stalingrad - Henri Luisette;OUI;26;23;2;0;2;OUI;OUI;2024-07-23 22:56:23.0;48.78363092456589,2.366935946761926;Villejuif;null
11016;Philippe-Auguste;OUI;48;41;7;6;1;OUI;OUI;2024-07-23 22:53:37.0;48.851853488265,2.3932945355773;Paris;null
23303;Gare de Robinson;OUI;30;12;18;10;8;OUI;OUI;2024-07-23 22:56:45.0;48.7799259211605,2.281828634440899;Sceaux;null
